sku_name;price;sold;page;keyword;gmv_estimation
DRESS ANAK KONICHIWA EBV Baju Dress Anak Perempuan Import - Grey, M;114400;2;3;konichiwa;228800
Hakushika Umakuchi shika Pack 3L sake;1150000;5;3;konichiwa;5750000
Marutai Kurume Noko Tonkotsu Ramen 194 Gr;51000;3;3;konichiwa;153000
POP IT XXXL PASTEL STRAWBERRY PREMIUM / rainbow popit tiktok bubble;169000;21;3;konichiwa;3549000
seventeen topokki - Merah Muda;50000;0;3;konichiwa;0
BUKU TRAVELLING / KONICHIWA JAPAN! / BUKU TENTANG JEPANG / BUKU;72000;0;3;konichiwa;0
HappyOliver DRESS KONICHIWA EBV Baju Dress Anak Perempuan Import ðŸ¤ž;80000;0;3;konichiwa;0
Konichiwa Japan!;41000;0;3;konichiwa;0
ASLI BUKU MOTIVASI : KONICHIWA JAPAN! READY STOCK;90000;0;3;konichiwa;0
SPREI SET KATUN PREMIUM BEVERLY HK KONICHIWA PINK;120000;0;3;konichiwa;0
POP IT JUMBO XL BUTTERFLY / popit tiktok viral kado - Rainbow;79000;40;3;konichiwa;3160000
POP IT JUMBO XXXL RAINBOW BIG BOW / popit tiktok pita viral hadiah;139000;3;3;konichiwa;417000
BEDCOVER + SPREI SET KATUN PREMIUM BEVERLY HK KONICHIWA RED;365000;0;3;konichiwa;0
Buku Motivasi : Konichiwa Japan!;95000;0;3;konichiwa;0
HappyOliver DRESS KONICHIWA EBV Baju Dress Anak Perempuan Import;108000;0;3;konichiwa;0
Heybaby Dress Konichiwa Ebv Baju Dress Anak Perempuan Import Dress;100018;0;3;konichiwa;0
Buku Travelling / Konichiwa Japan! / Buku tentang Jepang / Buku;71000;0;3;konichiwa;0
PROMO SANDAL KONICHIWA BERKUALITAS;207000;0;3;konichiwa;0
BEDCOVER + SPREI SET KATUN PREMIUM BEVERLY HK KONICHIWA PINK;365000;0;3;konichiwa;0
Sprei Katun Lokal Motif HK Konichiwa By Bahan Katun Beverly,Sprei;342000;0;3;konichiwa;0
Produk Terbatas Happyoliver Dress Konichiwa Ebv Baju Dress Anak;992000;0;3;konichiwa;0
Terbaru Heybaby Dress Konichiwa Ebv Baju Dress Anak Perempuan Import;1193000;0;3;konichiwa;0
Hoodie anak perempuan motif kawai lucu cute konichiwa jaket cewek;26000;0;3;konichiwa;0
Buku Travelling : KONICHIWA JAPAN! - Buku tentang Jepang;84000;0;3;konichiwa;0
Promo / Buku Sejarah / Buku Travelling / Buku Jepang : Konichiwa;90000;0;3;konichiwa;0
Terlaris Buku Travelling / Konichiwa Japan! / Buku tentang Jepang /;41000;0;3;konichiwa;0
Konichiwa 65ml Parfum Dokyo J15 Pheromone 100 Original Jepang Limited;387400;0;3;konichiwa;0
Handskun Latex / Konichiwa / Free Powder / Uk. M;45000;0;3;konichiwa;0
Buku Travelling / Konichiwa Japan! / Buku Tentang Jepang / Buku;121000;0;3;konichiwa;0
Sprei Konichiwa;517000;0;3;konichiwa;0
Handskun Latex / Konichiwa / Free Powder / Uk S;45000;0;3;konichiwa;0
Baju Kodok Pendek Konichiwa;113000;0;3;konichiwa;0
Kemeja Katun Konichiwa;142000;0;3;konichiwa;0
Sandal konichiwa;150000;0;3;konichiwa;0
HappyOliver DRESS KONICHIWA EBV Baju Dress Anak Perempuan Import;149000;0;3;konichiwa;0
Sprei Set Katun Lokal Homemade Motif HK Konichiwa;115000;0;3;konichiwa;0
Setelan anak Konichiwa Ryucho;95000;0;3;konichiwa;0
Handskun / Konichiwa / Powder / Uk L;50000;0;3;konichiwa;0
Buku Konichiwa Japan! (Cklik Media - 2020);58000;0;3;konichiwa;0
SPREI SET KATUN PREMIUM KING | QUEEN | SINGLE MOTIF konichiwa;115000;0;3;konichiwa;0
Baju Kodok Piteku Panjang seri konichiwa;68000;0;3;konichiwa;0
Baju kodok pendek Piteku konichiwa;57000;0;3;konichiwa;0
Smiggle Konichiwa Eraser Set Penghapus Cantik Lucu Karakter Jepang;50000;0;3;konichiwa;0
Ritter Sport Konichiwa;132000;0;3;konichiwa;0
SARUNG TANGAN KONICHIWA POWDER;35000;0;3;konichiwa;0
heybaby DRESS KONICHIWA EBV Baju Dress Anak Perempuan Import Dress;86000;0;3;konichiwa;0
Handskun / Konichiwa / Powder / Uk M;50000;0;3;konichiwa;0
PO420 kaos distro pria konichiwa allsize ld98cm cotton 30s;83900;0;3;konichiwa;0
promo Buku Traveling : Konichiwa Japan! : Buku Tentang Jepang ready;74000;0;3;konichiwa;0
Handskun / Konichiwa / Powder / Uk S;50000;0;3;konichiwa;0
Handskun Latex / Konichiwa / Free Powder / Uk. L;45000;0;3;konichiwa;0
Konichiwa Latex Non Steril Powder Free;48000;0;3;konichiwa;0
mochi kacang konichiwa;20000;0;3;konichiwa;0
Glove Merk Konichiwa Non Powder;52000;0;3;konichiwa;0
baju anak perempuan import DRESS KONICHIWA;83500;0;3;konichiwa;0
Sprei Anak Motif Konichiwa By Katun Star,Seprei Katun Lokal;181000;0;3;konichiwa;0
dress anak perempuan KONICHIWA baju anak perempuan pakaian anak IMPORT;90150;0;3;konichiwa;0
Kemeja Blouse Konichiwa Korea Wanita Kantor;104599;0;3;konichiwa;0
DRESS ANAK KONICHIWA EBV Baju Dress Anak Perempuan Import;114400;0;3;konichiwa;0
Dress Konichiwa Ebv Baju Dress Anak Perempuan Import Dress Anak;93000;0;3;konichiwa;0
Konichiwa Eraser set;80000;0;3;konichiwa;0
SARUNG TANGAN KONICHIWA LPF;36500;0;3;konichiwa;0
SARUNG TANGAN KONICHIWA LPS;33000;0;3;konichiwa;0
DRESS ANAK KONICHIWA EBV Baju Dress Anak Perempuan Import - Grey, M;114400;2;2;konichiwa;228800
Hakushika Umakuchi shika Pack 3L sake;1150000;5;2;konichiwa;5750000
Marutai Kurume Noko Tonkotsu Ramen 194 Gr;51000;3;2;konichiwa;153000
BAJU KAOS ATASAN ANAK UNISE MOTIF BTS KOREAN BOYBAND BAHAN KATUN-PD036 - Lilac, L : 7-10 TAHUN;18499;1;2;konichiwa;18499
POP IT XXXL PASTEL STRAWBERRY PREMIUM / rainbow popit tiktok bubble;169000;21;2;konichiwa;3549000
Konichiwa Salad Wrap;78000;0;2;konichiwa;0
MYS243- heybaby DRESS KONICHIWA EBV Baju Dress Anak Perempuan Import a;925000;0;2;konichiwa;0
HappyOliver DRESS KONICHIWA EBV Baju Dress Anak Perempuan Import;142000;0;2;konichiwa;0
FYN244- HappyOliver DRESS KONICHIWA EBV Baju Dress Anak Perempuan Impo;918000;0;2;konichiwa;0
Konichiwa jacket jeans;155000;0;2;konichiwa;0
seventeen topokki - Merah Muda;50000;0;2;konichiwa;0
POP IT JUMBO XL BUTTERFLY / popit tiktok viral kado - Rainbow;79000;40;2;konichiwa;3160000
Kaos kpop BTS butter kuning anak cewek 2 3 4 5 6 7 8 9 10 tahun - XXS;70000;2;2;konichiwa;140000
POP IT PREMIUM STRAWBERRY popit tiktok popit tebal its murah new - Pre. Strawberry;59000;100;2;konichiwa;5900000
HappyOliver DRESS KONICHIWA EBV Baju Dress Anak Perempuan Import;152000;0;2;konichiwa;0
Kâœ‰4X DRESS ANAK KONICHIWA EBV BAJU DRESS ANAK PEREMPUAN T LãŠšR6;146000;0;2;konichiwa;0
FYN244- heybaby DRESS KONICHIWA EBV Baju Dress Anak Perempuan Import a;925000;0;2;konichiwa;0
Heybaby-Dress Konichiwa Ebv Baju Dress Anak Perempuan Import Dress;992000;0;2;konichiwa;0
Happyoliver Dress Konichiwa Ebv Baju Dress Anak Perempuan Import Best;979000;0;2;konichiwa;0
Littleaaron Dress Konichiwa Ebv Baju Dress Anak Perempuan Import;107000;0;2;konichiwa;0
cetak dus konichiwa;2875000;0;2;konichiwa;0
HappyOliver DRESS KONICHIWA EBV Baju Dress Anak Perempuan Import;144000;0;2;konichiwa;0
Produk heybaby DRESS KONICHIWA EBV Baju Dress Anak Perempuan Import;1166000;0;2;konichiwa;0
Buku Traveling : Konichiwa Japan!;123000;0;2;konichiwa;0
Sprei Anak Motif Konichiwa By Katun Star, Seprei Katun Lokal;366000;0;2;konichiwa;0
Konichiwa Japan!;31900;0;2;konichiwa;0
BEDCOVER + SPREI SET KATUN PREMIUM BEVERLY HK KONICHIWA PINK;365000;0;2;konichiwa;0
DRESS KONICHIWA Baju Dress Anak Perempuan Dress anak bayi Perempuan;110752;0;2;konichiwa;0
Paket lensa minus - frame kacamata pria wanita konichiwa;166000;0;2;konichiwa;0
Buku Travelling / Konichiwa Japan! / Buku tentang Jepang / Buku Travel;40600;0;2;konichiwa;0
pesanan khusus konichiwa bdg;523312;0;2;konichiwa;0
Sandal konichiwa ðŸ‘š;85000;0;2;konichiwa;0
Konichiwa Salad Bowl;78000;0;2;konichiwa;0
[Dijual] Sakura / Konichiwa Bantal Panas Belt + Magnet Tipis;198000;0;2;konichiwa;0
Sarung Tangan Konichiwa Powder Free;40000;2;2;konichiwa;80000
Handskun Konichiwa Latex Free Powder;45000;2;2;konichiwa;90000
PROMO' Buku Travelling / Konichiwa Japan! / Buku tentang Jepang /;41000;0;2;konichiwa;0
Sprei Set Katun Star HK konichiwa uk 200|180|160|140|120|100|90;125000;0;2;konichiwa;0
Sprei Bedcover Set Katun Star konichiwa p uk200|180|160|140|120|100|90;355000;0;2;konichiwa;0
Sprei Set Katun Star konichiwa p uk 200|180|160|140|120|100|90;125000;0;2;konichiwa;0
sprei & bedcover katun beverly collection motif HK konichiwa 2 warna ;260000;0;2;konichiwa;0
FER223- heybaby DRESS KONICHIWA EBV Baju Dress Anak Perempuan Import a;932000;0;2;konichiwa;0
SUNSHINE FRAME KACAMATA BULAT KONICHIWA TERMURAH SEINDONESIA;307000;0;2;konichiwa;0
BUKU MOTIVASI : KONICHIWA JAPAN!;99000;0;2;konichiwa;0
HappyOliver DRESS KONICHIWA EBV Baju Dress Anak Perempuan Import;103400;0;2;konichiwa;0
Diskon Bedcover Set Anti Geser Motif Hk Konichiwa Uk 120X200-200X200;618000;0;2;konichiwa;0
TERBUKTI Kemeja Katun Konichiwa BYR;122000;0;2;konichiwa;0
Menarik Paket lensa minus - frame kacamata pria wanita konichiwa;163500;0;2;konichiwa;0
Buku Traveling : Konichiwa Japan!;90000;0;2;konichiwa;0
Soraya Bedsheet Set Bedcover Single Katun Gold Motif Konichiwa Murah;793000;0;2;konichiwa;0
Soraya Bedsheet Set Bedcover Single Katun Gold Motif Konichiwa;793000;0;2;konichiwa;0
Konichiwa 65ml Parfum Dokyo J15 Pheromone 100 Original Jepang;374400;0;2;konichiwa;0
heybaby DRESS KONICHIWA EBV Baju Dress Anak Perempuan Import Dress;1010000;0;2;konichiwa;0
FER223- HappyOliver DRESS KONICHIWA EBV Baju Dress Anak Perempuan Impo;952000;0;2;konichiwa;0
Menarik Paket lensa minus - frame kacamata pria wanita konichiwa;163500;0;2;konichiwa;0
BUKU MOTIVASI : KONICHIWA JAPAN!;84800;0;2;konichiwa;0
Buku Travelling : KONICHIWA JAPAN! - Buku tentang Jepang;81900;0;2;konichiwa;0
KAOS WANITA ATASAN WANITA DISTRO GREENLIGHT KAOS KONICHIWA GREENLIGHT;64900;0;2;konichiwa;0
BEDCOVER SET KATUN BEVERLY MOTIF HK KONICHIWA RED;884000;0;2;konichiwa;0
Sepatu Corvalue Footwear - Sneakers Kasual Pria Wanita Konichiwa Fulwh;361000;0;2;konichiwa;0
Buku Traveling : Konichiwa Japan!;81900;0;2;konichiwa;0
Buku Traveling - Konichiwa Japan Travel Food Culture Life;96000;0;2;konichiwa;0
SEPATU CORVALUE FOOTWEAR - Sepatu Sneakers Casual Konichiwa Full White;210000;0;2;konichiwa;0
PROMO SANDAL KONICHIWA BERKUALITAS;272500;0;2;konichiwa;0
DRESS KONICHIWA Baju Dress Anak Perempuan Import;85900;0;2;konichiwa;0
Buku Traveling : Konichiwa Japan! : Buku Tentang Jepang;84800;0;2;konichiwa;0
- BUKU REFERENSI : Konichiwa Japan!;66100;0;2;konichiwa;0
Iâž¸EC DRESS ANAK KONICHIWA EBV BAJU DRESS ANAK PEREMPUAN T Kâœ‰49;195000;0;2;konichiwa;0
Sprei Katun Lokal Motif HK Konichiwa By Bahan Katun Beverly,Sprei;322000;0;2;konichiwa;0
DRESS ANAK KONICHIWA EBV Baju Dress Anak Perempuan Import - Grey, M;114400;2;1;konichiwa;228800
Sandal konichiwa;65000;60;1;konichiwa;3900000
Kaos Tulisan Jepang - KONICHIWA - Baju Kaos Distro Pria Murah - FPC ID;34500;26;1;konichiwa;897000
[EP] Yuki Saito - Kanashimi yo Konichiwa (Maison Ikkoku);140000;0;1;konichiwa;0
SANDAL ANAK KONICHIWA UNISEX KIDS;70000;0;1;konichiwa;0
KONICHIWA Sandal Jepit Dewasa Series 5;123000;0;1;konichiwa;0
konichiwa eyewear frame kacamata pure asetat 72011 kacamata cateye;115000;0;1;konichiwa;0
Promo Sandal Konichiwa Abstract Pop - Navy Blue - Women Murah;192400;0;1;konichiwa;0
KONICHIWA - Sarung Tangan Latex/Lateks | Gloves Isi 100;36500;0;1;konichiwa;0
[LP] Ito Tsukasa - Sayonara, Konichiwa (Yume Miru Season) Vinyl PH;260000;0;1;konichiwa;0
Hakushika Umakuchi shika Pack 3L sake;1150000;5;1;konichiwa;5750000
Marutai Kurume Noko Tonkotsu Ramen 194 Gr;51000;3;1;konichiwa;153000
BAJU KAOS ATASAN ANAK UNISE MOTIF BTS KOREAN BOYBAND BAHAN KATUN-PD036 - Lilac, L : 7-10 TAHUN;18499;1;1;konichiwa;18499
POP IT XXXL PASTEL STRAWBERRY PREMIUM / rainbow popit tiktok bubble;169000;21;1;konichiwa;3549000
seventeen topokki - Merah Muda;50000;0;1;konichiwa;0
Buku Travelling / Konichiwa Japan! / Buku tentang Jepang / Buku Travel;31900;10;1;konichiwa;319000
Penghapus lucu smiggle konichiwa eraser set;70000;0;1;konichiwa;0
konichiwa eyewear frame kacamata pure asetat 72006 kacamata cateye;120000;0;1;konichiwa;0
sandal anak no 6 konichiwa;105000;0;1;konichiwa;0
Sandal konichiwa (=);84000;0;1;konichiwa;0
KONICHIWA Jepit Sandal Dewasa 5 Series;182000;0;1;konichiwa;0
Buku Travelling / Konichiwa Japan!;52200;0;1;konichiwa;0
Konichiwa Nihongo Jilid 1 untuk Siswa SMA Kelas X;80000;0;1;konichiwa;0
Kaos japan jepang konichiwa salur garis cowok distro pria;45000;0;1;konichiwa;0
BAJU KAOS KONICHIWA TULISAN JEPANG T-SHIRT;49999;1;1;konichiwa;49999
POP IT JUMBO XL BUTTERFLY / popit tiktok viral kado - Rainbow;79000;40;1;konichiwa;3160000
Kaos kpop BTS butter kuning anak cewek 2 3 4 5 6 7 8 9 10 tahun - XXS;70000;2;1;konichiwa;140000
POP IT PREMIUM STRAWBERRY popit tiktok popit tebal its murah new - Pre. Strawberry;59000;100;1;konichiwa;5900000
Buku Traveling : Konichiwa Japan!;58000;5;1;konichiwa;290000
heybaby DRESS KONICHIWA EBV Baju Dress Anak Perempuan Import anak bayi;113000;0;1;konichiwa;0
Bedcover Set Anti Geser Motif HK KONICHIWA UK 120X200-200X200;350000;1;1;konichiwa;350000
HappyOliver DRESS KONICHIWA EBV Baju Dress Anak Perempuan Import;118000;0;1;konichiwa;0
Perempuan Anak bayi bayi Bayi KONICHIWA Anak Import Dress heybaby Gaun;135000;0;1;konichiwa;0
Frame kacamata minus bulat konichiwa + lensa antiradiasi;99000;0;1;konichiwa;0
Frame kacamata minus bulat konichiwa + lensa antiradiasi;99000;0;1;konichiwa;0
"Frame kacamata baca minus plus
Konichiwa";90000;0;1;konichiwa;0
Terapik heybaby DRESS KONICHIWA EBV Baju Dress Anak Perempuan Import;85000;0;1;konichiwa;0
Frame kacamata bulat konichiwa;59000;0;1;konichiwa;0
SPREI SET KATUN PREMIUM BEVERLY HK KONICHIWA MERAH;120000;0;1;konichiwa;0
SPREI SET KATUN PREMIUM BEVERLY HK KONICHIWA PINK;120000;0;1;konichiwa;0
BEDCOVER SET KATUN PREMIUM KING | QUEEN | SINGLE MOTIF konichiwa;330000;0;1;konichiwa;0
Colourpop X hello kitty lipstick (konichiwa);100000;0;1;konichiwa;0
BEDCOVER SET KATUN STAR MOTIF KONICHIWA UKURAN 140 sd 200;455000;0;1;konichiwa;0
SPREI SET KATUN STAR MOTIF KONICHIWA UKURAN 90 sd 200;115000;0;1;konichiwa;0
BEDCOVER SET KATUN STAR MOTIF KONICHIWA UKURAN 90 sd 120;340000;0;1;konichiwa;0
Seprei Set Anti Geser Motif HK KONICHIWA UK 120X200-200X200;120000;0;1;konichiwa;0
BEDCOVER + SPREI SET KATUN PREMIUM BEVERLY HK KONICHIWA MERAH;365000;0;1;konichiwa;0
Jual SANDAL ANAK KONICHIWA UNISEX KIDS Murah;107500;0;1;konichiwa;0
Sprei set katun Star HK konichiwa p uk 200|180|160|140|120|100|90;125000;0;1;konichiwa;0
PROMO Buku Travelling / Konichiwa Japan! / Buku tentang Jepang / Buku;66000;0;1;konichiwa;0
Sprei set katun Star HK konichiwa r uk 200|180|160|140|120|100|90;125000;0;1;konichiwa;0
Smiggle Ori A5 Pencil Case Konichiwa;175000;0;1;konichiwa;0
Travelling Buku Buku tentang Travelling Jepang Japan Konichiwa Buku Je;71000;0;1;konichiwa;0
Sprei Bedcover Katun Star HK konichiwa p uk 200|180|160|140|120|100|90;360000;0;1;konichiwa;0
Sprei Bedcover Katun Star HK konichiwa r uk 200|180|160|140|120|100|90;360000;0;1;konichiwa;0
Bantal Terapi Sakura / Konichiwa Bantal Panas Belt + Magnet Tipis;201000;0;1;konichiwa;0
Promo Sarung Tangan Latex non Powder merk Konichiwa ukuran L Limited;89000;0;1;konichiwa;0
Konichiwa 65ml Parfum Dokyo J15 Pheromone 100% Original Jepang;260000;5;1;konichiwa;1300000
heybaby DRESS KONICHIWA EBV Baju Dress Anak Perempuan Import Dress;86000;0;1;konichiwa;0
HappyOliver KONICHIWA Import Anak Dress Baju DRESS EBV Perempuan;134000;0;1;konichiwa;0
DRESS ANAK KONICHIWA EBV Baju Dress Anak Perempuan Import;114400;2;1;konichiwa;228800
SPREI KONICHIWA;140000;2;1;konichiwa;280000
Handuk Mandi Konichiwa Corak;39000;0;1;konichiwa;0
Paket lensa minus - frame kacamata pria wanita konichiwa Ready;139000;0;1;konichiwa;0
heybaby DRESS KONICHIWA EBV Baju Dress Anak Perempuan Import Dress;1049000;0;1;konichiwa;0
BUKU MOTIVASI : KONICHIWA JAPAN!;100000;0;1;konichiwa;0
HappyOliver DRESS KONICHIWA EBV Baju Dress Anak Perempuan Import;116000;0;1;konichiwa;0
VQ325 kaos distro pria konichiwa allsize ld98cm cotton 30s;83900;0;1;konichiwa;0
MYS243- HappyOliver DRESS KONICHIWA EBV Baju Dress Anak Perempuan Impo;918000;0;1;konichiwa;0
nanas honi sunpride - utuh;26000;9;5;Matoa;234000
jeruk medan manis 1 kg;30400;12;5;Matoa;364800
jambu cristal sunpride;30600;17;5;Matoa;520200
"Nanas Honi Sunpride Super Besar 1kg+ ""Promo Paket Spesial Hemat Murah"" - 1pcs";18950;100;5;Matoa;1895000
Buah Nanas Honi Sunpride Termurah | 800gr + | Enak Manis tdk gatal - 1pcs;16975;100;5;Matoa;1697500
Bisa cod promo bibit tanaman buah matoa super HOKi;20000;0;5;Matoa;0
Bibit buah Matoa manis berkualitas unggul | Buah Matoa manis;9250;0;5;Matoa;0
Bibit tanaman buah Matoa;15000;18;5;Matoa;270000
bibit pohon matoa_tanaman buah matoa super;7500;0;5;Matoa;0
Bibit Tanaman Buah Matoa Merah Cangkok-Pohon Matoa Merah Hasil Cangkok;15000;0;5;Matoa;0
Buah Nanas Honi Sunpride Super Termurah * 1-1,3kg * Manis tanpa gatal;18950;1000;5;Matoa;18950000
Buah_Mangga_Jepang_2kg;4000;0;5;Matoa;0
buah potong nanas honi;29000;30;5;Matoa;870000
Nanas Honi Sunpride Super Premium Fresh Segar (Murah Bergaransi) -+1kg - 1pcs;18850;60;5;Matoa;1131000
Buah Segar Full;338000;1;5;Matoa;338000
Buah Matoa Fresh Dari Papua ;78000;1;5;Matoa;78000
Bibit tanaman buah matoa;35000;3;5;Matoa;105000
BIBIT POHON MATOA JENIS OKULASI - CANGKOK PEMBIBITAN TBTJ15;146000;0;5;Matoa;0
Bibit Tanaman Buah Matoa Murah Berkualitas Matoa Buah Dari Papua;10000;0;5;Matoa;0
TERBAIK Terlaris Obral Bibit Tanaman Buah Matoa Merah Super Murah a;18000;0;5;Matoa;0
Fahmibibit Ready Bibit Matoa Pohon Buah Matoa Hasil Okulasi Cangkok;24000;0;5;Matoa;0
bibit matoa cangkok batang besar GB12;250000;0;5;Matoa;0
Bibit Tanaman Buah Matoa Okulasi Stek TGBU1 00222 a;21000;0;5;Matoa;0
MANIS bibit taama buah matoa super okulasi;23000;0;5;Matoa;0
bibit pohon matoa(2 meter ) siap berbuah;387000;0;5;Matoa;0
nanas honi sunpride buah;16975;100;5;Matoa;1697500
Termurah Buah Nanas Honi Sunpride * Berat 800-1.000gr - Toko Termurah - 1pcs;15975;750;5;Matoa;11981250
Buah Nanas Honi Sunpride Super Pineapple Manis Fresh Tak Gatal 1kg+ - 1pcs;19975;0;5;Matoa;0
MATOFOL TRISTAR ( Pupuk An.Organik) - 500 ml;62800;0;5;Matoa;0
Sayur Gori Nangka Santan/Jangan Tewel;31500;30;5;Matoa;945000
Bibit Tanaman Buah Kelengkeng Matoa Island Lychee;45000;5;5;Matoa;225000
Terlaris Bibit Tanaman Buah Matoa Unggul HASIL Cangkok/Sambung;32000;0;5;Matoa;0
Bibit Tanaman Buah Matoa Super Okulasi Stek Cangkok MM151;15000;0;5;Matoa;0
bibit tanaman buah matoa unggul benih pohon di dalam pot tabulampot;8500;5;5;Matoa;42500
buah matoa manis dan fresh/500gram;55000;0;5;Matoa;0
Matoa Manis Buah Segar ;55000;1;5;Matoa;55000
Murah promo 5 bibit tanaman buah matoa merah / matoa hijau super;173000;0;5;Matoa;0
ðŸ¥¨ Buah Matoa Papua 3Rasa Duren+Rambutan+Klengkeng Harga Grosir 250gr;22000;0;5;Matoa;0
Buah Matoa segar-buah langka;50000;18;5;Matoa;900000
Buah Matoa papua perpaduan rasa lengkeng rambutan durian dan leci - kg;69000;5;5;Matoa;345000
Buah kelapa kopyor genjah segar murah langsung dari pohon sendiri;35000;90;5;Matoa;3150000
buah naga merah;38000;23;5;Matoa;874000
buah naga;39000;100;5;Matoa;3900000
GROSIR.! ( 10kg ) MANGGA HARUM MANIS BESAR / MATANG POHON / BUAH SEGAR;400000;30;5;Matoa;12000000
Buah Jeruk Keprok Batu 55 / B-55 - 250 gram;36879;0;5;Matoa;0
Bibit Buah Matoa Super Tinggi 1 Meter - Bibit Matoa unggulan;11400;7;5;Matoa;79800
matoa 300gr;38900;1;5;Matoa;38900
Bibit buah matoa merah jumbo sambung;60000;0;5;Matoa;0
SALE!! BIBIT TANAMAN BUAH MATOA CANGKOK/ BIJI CEPAT BERBUAH;142000;0;5;Matoa;0
POOLLL Bibit Buah Matoa - Tanaman Buah Mirip lengkeng MM151;15000;0;5;Matoa;0
Bibit Tanaman Pohon Buah Matoa-Tinggi 100cm;65000;0;5;Matoa;0
Diskon Bibit Matoa Merah 1,5M;310000;0;5;Matoa;0
Terlaris Bibit Buah Red Matoa Asal Papua 2 Meter Up;562000;0;5;Matoa;0
Bibit Tanaman Buah Matoa Kelapa Unggul Agro Wisatani KBIB13 NEW;29000;0;5;Matoa;0
Bibit Tanaman Buah Matoa-Bibit Matoa Cangkok Okulasi Hasil Sambung -;15000;0;5;Matoa;0
Buah matoa 1kg manis / buah matoa Papua 3 rasa;30000;4;5;Matoa;120000
Pohon Matoa Cangkok-Bibit Tanaman Buah Matoa Cangkok;35000;0;5;Matoa;0
Terlaris Bibit Matoa Jumbo Super Unggul Cepat Berbuah;14000;0;5;Matoa;0
Bibit Tanaman Buah Matoa Merah Cangkok-Pohon Matoa Merah Hasil Cangkok;15000;0;5;Matoa;0
Ready buah matoa fresh 1 kg Ready ya kak;2310000;0;5;Matoa;0
bibit tanaman buah matoa kualitas unggul;23900;14;5;Matoa;334600
Terlaris Bibit Tanaman Buah Matoa cepat berbuah okulasi cepat berbuah;24000;1;5;Matoa;24000
BIBIT TANAMAN POHON BUAH MATOA SIAP BERBUAH MMM;25000;1;5;Matoa;25000
BIBIT TANAMAN BUAH MATOA MERAH VALID manteb SEGAR fres EE12;25000;1;5;Matoa;25000
buah matoa segar;15000;0;5;Matoa;0
New Bibit Matoa Merah 1,5M Top Quality;360000;0;5;Matoa;0
Bibit Tanaman Buah Matoa-Bibit Matoa-Bibit Matoa Cangkok Okulasi -BB1;16000;0;5;Matoa;0
Buah Matoa Super Fresh 1kg;65000;17;5;Matoa;1105000
Buah Matoa Madu | Matoa Madu Manis 500 Grm;55800;3;5;Matoa;167400
Bibit pohon matoa tinggi 30cm;29000;100;5;Matoa;2900000
Bibit Tanaman buah Matoa siap berbuah;40000;0;5;Matoa;0
Terlaris bibit tanaman buah matoa okulasi super unggul LARIS;15000;1;5;Matoa;15000
Diskon Bibit Matoa Tinggi 2 Meter;235000;0;5;Matoa;0
Miliki Pohon Matoa Tinggi 2 Meter;490000;0;5;Matoa;0
Buah Matoa 500gr;55900;0;5;Matoa;0
Bibit Tanaman Buah Matoa;42500;21;5;Matoa;892500
BUAH MATOA FRESH RASA DURIAN;40000;0;5;Matoa;0
LITAS Bibit Tanaman Buah Matoa Merah PM14 MM151;18000;0;5;Matoa;0
bibit buah matoa okulasi;40000;0;5;Matoa;0
BARANG TERLARIS BIBIT MATOA MERAH 1,5M READYY;280000;0;5;Matoa;0
Kelapa Kopyor Genjah Super TEBAL Fresh Segar Murah READY STOK - S - S;45000;50;5;Matoa;2250000
Bibit Alpukat mentega jumbo;17000;1000;5;Matoa;17000000
Bibit Kelengkeng New Kristal Hasil Okulasi Cepat Berbuah;45000;6;5;Matoa;270000
bibit alpukat mentega jumbo;400000;0;5;Matoa;0
Bibit Leci Bhiwa Biwa Hasil Okulasi Unggul Cepat Berbuah;50000;0;5;Matoa;0
Buah Matoa Fresh 500 Gram;32000;100;4;Matoa;3200000
Buah Matoa dari Papua 3rasa Duren-Klengkeng-Rambutan Murah Fresh 250gr;13255;2000;4;Matoa;26510000
Matoa Manis - 500 gram;32500;50;4;Matoa;1625000
buah matoa 1 kg - MIX;67000;100;4;Matoa;6700000
Pupuk Matoa Organik Booster Matoa Pemacu Cepat Berbuah Lebat;23000;70;4;Matoa;1610000
Bibit Tanaman Buah Matoa Merah Cangkok-Pohon Matoa Merah Hasil Cangkok;35000;4;4;Matoa;140000
buah matoa super manis dan banyak air/buah langka/kg;119500;3;4;Matoa;358500
Bibit Tanaman Matoa Jumbo Super Unggul Cepat Berbuah;15000;0;4;Matoa;0
Bibit buah matoa hasil cangkok / sambung;37000;0;4;Matoa;0
buah matoa fresh 1 kg;40000;0;4;Matoa;0
Bibit Tanaman Buah Matoa Cepat Berbuah Okulasi;30000;0;4;Matoa;0
buah matoa 500gr;36000;0;4;Matoa;0
Pupuk Matoa Booster, Pupuk Organik Tanaman Buah, Penyubur Bibit Buah;35000;14;4;Matoa;490000
Bibit matoa;14500;15;4;Matoa;217500
rambutan rapiah 1kg;37050;50;4;Matoa;1852500
Paket 4 Bibit Tanaman Matoa Papua Cangkok -Pohon Buah Matoa Asli Papua;100000;1;4;Matoa;100000
bibit pohon matoa 70cm up / lengkeng irian buah matoa;35000;19;4;Matoa;665000
Buah Matoa Segar Perpack ;65000;1;4;Matoa;65000
Paket 4 Pohon Matoa Papua Cangkok-Bibit Tanaman Buah Matoa Papua Asli;121000;0;4;Matoa;0
Bibit Matoa Hasil Okulasi Cepat Berbuah Tabulampot;30000;14;4;Matoa;420000
Benih Bibit Pohon Matoa - Buah Mirip Kelengkeng Aroma Durian - Khas;83000;0;4;Matoa;0
Bibit Unggul Kelengkeng Matoa Bibit Tanaman;15000;16;4;Matoa;240000
Bibit Tanaman Matoa Cepat Berbuah;4000;0;4;Matoa;0
2 Bibit Buah Matoa Super Manis;9000;40;4;Matoa;360000
Bibit Tanaman Buah Matoa Okulasi Stek TGBU1 EE15;17000;0;4;Matoa;0
rambutan binjai 1kg;32400;18;4;Matoa;583200
buah srikaya;34960;30;4;Matoa;1048800
alpukat muria mentega;56050;9;4;Matoa;504450
buah duku - 500 gram;27550;4;4;Matoa;110200
salak pondoh 1kg;19800;16;4;Matoa;316800
BELI 2 GRATIS 1.BIBIT MATOA manis;8000;50;4;Matoa;400000
promo 5 bibit tanaman buah matoa merah / matoa hijau super genjah;93000;3;4;Matoa;279000
buah matoa Papua / rambutan Papua / matoa manis qualitas 100gr;16000;0;4;Matoa;0
Bibit Buah Matoa - Tanaman Buah Mirip lengkeng Aroma Durian Khas Papua;20000;9;4;Matoa;180000
Promo Bibit Tanaman Matoa Super Unggul Cepat Berbuah Buah Matoa Best;143000;0;4;Matoa;0
Bibit tanaman buah matoa merah super cepat berbuah BBBB;30000;0;4;Matoa;0
buah matoa Papua / rambutan Papua / matoa manis qualitas premium 100gr;16000;0;4;Matoa;0
bibit matoa berkwalitas;5000;0;4;Matoa;0
BARANG TERLARIS BIBIT POHON MATOA(2METER )SIAP BERBUAH READYY;573000;0;4;Matoa;0
Bibit buah Matoa manis tinggi 1 meter - Tanaman buah langka unggulan;32500;30;4;Matoa;975000
nanas pemalang;15000;21;4;Matoa;315000
alpukat kendil;54000;5;4;Matoa;270000
jambu citra merah;47000;40;4;Matoa;1880000
pepaya california;22000;24;4;Matoa;528000
pisang sunpride 1 kg;25200;10;4;Matoa;252000
SALE TERBATAS bibit pohon matoa(2meter )siap berbuah;604000;0;4;Matoa;0
bibit pohon buah matoa;15500;30;4;Matoa;465000
bibit tanaman buah matoa cepat berbuah manis;40000;0;4;Matoa;0
paket 3 bibit buah matoa super bibit berkualitas;77011;4;4;Matoa;308044
BUAH MATOA 2 KG DAGING EMPUK MANIS PASTI NAMBAH LAGI;65000;80;4;Matoa;5200000
Matoa Papua;25000;2;4;Matoa;50000
Bibit Tanaman Buah Matoa Super Okulasi Stek Cangkok Unggul AA222 a;23000;0;4;Matoa;0
Bibit Buah Matoa unggul dan Berkuwalitas';24500;0;4;Matoa;0
4 Bibit Matoa Berkualitas;140000;0;4;Matoa;0
BARANG TERLARIS BIBIT MATOA MERAH 1,5M READYY;290000;0;4;Matoa;0
Bibit Tanaman Buah Matoa Super Bibit Buah Matoa Cangkok Bibit Matoa;9000;0;4;Matoa;0
TERLARISSS BUAH MATOA ASLI PAPUA SUPER PILIHAN;65000;40;4;Matoa;2600000
buah matoa 1 kg;70000;2;4;Matoa;140000
bibit matoa cangkok batang besar;350000;1;4;Matoa;350000
BARU DATANG Bibit Tanaman Buah Matoa-Bibit Matoa-Bibit Matoa Cangkok &;20000;0;4;Matoa;0
Tanaman Matoa 60cm;35000;3;4;Matoa;105000
pohon matoa tinggi 2 meter;300000;0;4;Matoa;0
buah matoa 1kg - 500 gram terjamin;175000;11;4;Matoa;1925000
BIBIT TANAMAN BUAH MATOA MERAH UNGGUL VALID;25000;30;4;Matoa;750000
TERLARISSS 5 KG BUAH MATOA ASLI PAPUA TIGA RASA BUAH DALAM SATU BUAH;65000;0;4;Matoa;0
READY Bibit Tanaman Buah Matoa Super Manis Hasil Okulasi Stek Cangkok;109000;0;4;Matoa;0
Jual bibit pohon matoa(2meter )siap berbuah;523000;0;4;Matoa;0
HARGA PROMO Bibit Tanaman Buah Matoa Kelapa Unggul Agro Wisatani;29000;1;4;Matoa;29000
ðŸ¥¨ Buah Matoa dari Papua 3rasa Duren-Klengkeng-Rambutan Murah Fresh;21000;0;4;Matoa;0
Bibit Tanaman Buah Matoa Okulasi Siap Berbuah | Pohon Matoa AA66;76000;0;4;Matoa;0
bibit tanaman buah matoa unggul;35500;1;4;Matoa;35500
Bibit buah matoa merah jumbo sambung ;60000;0;4;Matoa;0
Bibit Tanaman Buah Matoa-Bibit Matoa Cangkok/Sambung EE15;25000;0;4;Matoa;0
bibit matoa;5500;0;4;Matoa;0
bibit matoa tinggi 2 meter;145000;1;4;Matoa;145000
BUAH MATOA DAGING EMPUK MANIS PASTI NAMBAH LAGI;65000;90;4;Matoa;5850000
Bibit Matoa Unggul;11300;9;4;Matoa;101700
Bibit tanaman buah matoa manis tinggi 1,5 meter | buah khas papua;38650;0;4;Matoa;0
bibit tanaman buah matoa super okulasi EE15;23000;0;4;Matoa;0
Buah Matoa (500gr);27000;0;4;Matoa;0
semangka merah non biji;48000;9;4;Matoa;432000
melon ngawi madu;29600;2;4;Matoa;59200
buah manggis - 1 kg;35000;12;4;Matoa;420000
buah naga merah;29000;19;4;Matoa;551000
alpukat bengkulu 1kg;44100;3;4;Matoa;132300
bibit alpukat mentega jumbo;19000;2;3;Matoa;38000
Paket 5 Bibit Unggul Super Alpukat Mentega Varietas Miki;250000;0;3;Matoa;0
kelapa kopyor buah kelapa kopyor genjah dikupas tipis;35000;100;3;Matoa;3500000
Pete Murah Fresh dari Pohon, Petai Tua Besar Grade A;2200;0;3;Matoa;0
manisan mangga Cebu Lucky Premium Dried Mango 100g;76000;6;3;Matoa;456000
MATOA IRIANJAYA BUAH FRESH SEGAR MANIS PANEN PILIHAN PREMIUM TERLARIS;55888;3;3;Matoa;167664
VIRALL Bibit Tanaman Buah Matoa Super Okulasi Stek Cangkok Unggul;15000;6;3;Matoa;90000
Buah Matoa Segar 1kg / peck;99550;10;3;Matoa;995500
Bibit Pohon Matoa - Buah Mirip Kelengkeng Aroma Durian - Khas Papua;29900;1;3;Matoa;29900
Bibit Tanaman Buah Matoa;35000;28;3;Matoa;980000
Buah jeruk santang gundul tanpa daun import fresh segar termurah hemat - 500gr;18495;12;3;Matoa;221940
Sayur Labu Siam Siyam baby muda kecil (Chayote) 500 gr â€¢ BUSAYDA;11000;1000;3;Matoa;11000000
BUAH MATOA PAPUA;55000;26;3;Matoa;1430000
Bibit buah matoa ( biji buah matoa );2000;80;3;Matoa;160000
buah matoa manis fresh 1kg;135000;6;3;Matoa;810000
MATOA PAPUA TERMURAH - SUKABUAH;39000;30;3;Matoa;1170000
Buah Matoa Segar (pack);88800;11;3;Matoa;976800
biji matoa benih;10000;0;3;Matoa;0
TERLARISSS 6 KG BUAH MATOA MANIS UNIK RASA UNIK;65000;30;3;Matoa;1950000
pohon matoa tinggi 2 meter;300000;2;3;Matoa;600000
Bibit 2 Pohon Red Matoa Papua Dan Green Matoa Papua mumpung Promo;58500;8;3;Matoa;468000
Bibit Tanaman Buah Matoa Papeda Genjah;22000;1;3;Matoa;22000
bibit matoa merah paket 4 bibit murah cepat berbuah;85000;1;3;Matoa;85000
Bibit Pohon Matoa - Buah Mirip Kelengkeng Aroma Durian - Khas Papua;20000;30;3;Matoa;600000
Bibit Pohon Matoa - Tanaman Buah Matoa - Buah Langka;30000;28;3;Matoa;840000
BIBIT POHON MATOA SUPER UNGGUL;45000;0;3;Matoa;0
BIBIT TANAMAN BUAH MATOA SUPER UNGGUL/ BIBIT MATOA MERAH;22000;0;3;Matoa;0
Bibit Tanaman Buah Matoa Okulasi Stek TGBU1;17000;12;3;Matoa;204000
BIBIT TANAMAN MATOA UNGGUL/ POHON BUAH MATOA TINGGI 80CM UP;25000;1;3;Matoa;25000
MXX Bibit Tanaman Buah Matoa Super Manis Hasil Okulasi Stek Cangkok;159000;0;3;Matoa;0
Buah Matoa Segar Manis ada 3rasa /1kg;90000;4;3;Matoa;360000
Bibit Pohon Matoa Super Genjah Hasil Okulasi;16300;40;3;Matoa;652000
Bibit Buah Matoa Cangkok Cepat berbuah Tinggi 2M Kondisi Rimbun;375000;0;3;Matoa;0
buah matoa 500 gram;25000;1;3;Matoa;25000
PROMO TERBATAS bibit matoa merah 1,5m;314000;0;3;Matoa;0
Bibit Buah Kelengkeng Matoa pohon matoa;57500;9;3;Matoa;517500
buah matoa fresh 1 kg;53900;2;3;Matoa;107800
HARGA DI BANTING Terlaris KWALITAS TERBAIK Bibit Tanaman Buah Matoa;21000;0;3;Matoa;0
pohon matoa ukuran 1meter;65000;28;3;Matoa;1820000
panen raya matoa;51000;0;3;Matoa;0
Bibit Pohon Matoa - Tanaman Buah Matoa Island Lychee Mirip Leci EE15;20000;0;3;Matoa;0
Bibit Buah Matoa Manis Garansi Valid;78500;1;3;Matoa;78500
matoa buah 250gr|buah matoa|buah segar bandung|nuri fruits;24500;9;3;Matoa;220500
Buah Matoa;100000;100;3;Matoa;10000000
bibit matoa;5500;0;3;Matoa;0
Bibit Tanaman Pohon Buah Matoa / Pometia pinnata Murah Berkualitas;35000;10;3;Matoa;350000
Bibit Tanaman Buah Matoa Pohon Buah Matoa;15000;0;3;Matoa;0
bibit tanaman matoa ;15000;8;3;Matoa;120000
Bibit Buah Matoa merah Jumbo Â±2 Meter - Hasil Okulasi Berkualitas;100000;0;3;Matoa;0
Bibit Buah Matoa Hasil Cangkok Tinggi 1,5 - 2 Meter Cepat Berbuah;185000;0;3;Matoa;0
Buah Matoa 1kg;49900;0;3;Matoa;0
bibit pohon buah matoa unggul;12000;0;3;Matoa;0
Bibit tanaman bibit matoa -Bibit matoa cangkok/biji /akulasi AT14;50000;0;3;Matoa;0
Bibit Tanaman Buah Matoa Okulasi Stek TGBU1 EE13;17000;0;3;Matoa;0
Bibit Tanaman Buah Matoa;15500;9;3;Matoa;139500
DISKON Obral Bibit Taama Buah Matoa Merah Super a;18000;0;3;Matoa;0
Terlaris BIBIT TANAMAN BUAH MATOA SUPER MANIS / Cepat berbuah stek;44000;0;3;Matoa;0
TERLARISSS 6 KG BUAH SUPER PILIHAN MATOA ASLI PAPUA;65000;40;3;Matoa;2600000
buah matoa 1 kg;59000;0;3;Matoa;0
PROMO 5 BIBIT MATOA MERAH/ MATOA HIJAU ADA SUPER UNGGUL;100000;0;3;Matoa;0
bibit buah matoa jumbo agro tanaman;40000;1;3;Matoa;40000
bibit tanaman buah matoa kualitas unggul EE15;24000;0;3;Matoa;0
buah matoa 1 kg;55000;40;3;Matoa;2200000
spesial promo buah matoa manis per 2 kg;240000;4;3;Matoa;960000
Matoa (Asli Papua) -/+ 500 Gr / Pack Fresh Pometia Pinnata Buah Segar;42875;4;3;Matoa;171500
Terlaris Paling Laris Bibit Tanaman Buah Matoa Okulasi Stek Cangkok;14000;3;3;Matoa;42000
Promo|New|Terbaru bibit pohon matoa(2meter )siap berbuah;685000;0;3;Matoa;0
nanas honi sunpride - utuh;26000;9;2;Matoa;234000
jeruk medan manis 1 kg;30400;12;2;Matoa;364800
jambu cristal sunpride;30600;17;2;Matoa;520200
"Nanas Honi Sunpride Super Besar 1kg+ ""Promo Paket Spesial Hemat Murah"" - 1pcs";18950;100;2;Matoa;1895000
Buah Nanas Honi Sunpride Termurah | 800gr + | Enak Manis tdk gatal - 1pcs;16975;100;2;Matoa;1697500
buah matoa Papua / matoa 500gr;80000;21;2;Matoa;1680000
Buah Matoa 1 Kg;115900;16;2;Matoa;1854400
buah matoa segar;25000;50;2;Matoa;1250000
bibit matoa 40 cm - 70 cm;3000;40;2;Matoa;120000
MATOA BUAH - KELENGKENG NYA PAPUA;50000;50;2;Matoa;2500000
buah matoa 1 kg manis - MATOA;35000;100;2;Matoa;3500000
Buah Nanas Honi Sunpride Super Termurah * 1-1,3kg * Manis tanpa gatal;18950;1000;2;Matoa;18950000
Buah_Mangga_Jepang_2kg;4000;0;2;Matoa;0
buah potong nanas honi;29000;30;2;Matoa;870000
Nanas Honi Sunpride Super Premium Fresh Segar (Murah Bergaransi) -+1kg - 1pcs;18850;60;2;Matoa;1131000
Buah Segar Full;338000;1;2;Matoa;338000
Matoa / 1Kg;31000;100;2;Matoa;3100000
Buah Matoa Super 0.5 kg /pack;35000;7;2;Matoa;245000
Bibit Pohon Matoa Merah Hasil Cangkok-Tanaman Matoa Merah Asli Super;38000;25;2;Matoa;950000
BUAH MATOA FRESH MANIS PER 1KG;110000;26;2;Matoa;2860000
Buah matoa super fresh/pack;96500;6;2;Matoa;579000
BUAH MATOA MANIS 1KG;110000;14;2;Matoa;1540000
bibit matoa berkwalitas;5000;100;2;Matoa;500000
Buah Matoa;60000;6;2;Matoa;360000
Terlaris Bibit buah Red Matoa asal Papua 2 meter Up;389500;7;2;Matoa;2726500
buah matoa 1 kg;67000;100;2;Matoa;6700000
nanas honi sunpride buah;16975;100;2;Matoa;1697500
Termurah Buah Nanas Honi Sunpride * Berat 800-1.000gr - Toko Termurah - 1pcs;15975;750;2;Matoa;11981250
Buah Nanas Honi Sunpride Super Pineapple Manis Fresh Tak Gatal 1kg+ - 1pcs;19975;0;2;Matoa;0
MATOFOL TRISTAR ( Pupuk An.Organik) - 500 ml;62800;0;2;Matoa;0
Sayur Gori Nangka Santan/Jangan Tewel;31500;30;2;Matoa;945000
Bibit matoa super murah cepat berbuah;5000;50;2;Matoa;250000
bibit tanaman buah matoa super okulasi;22500;0;2;Matoa;0
pohon buah matoa siap berbuah tinggi 3_4 meter;750000;0;2;Matoa;0
Buah Matoa 500gr;99950;10;2;Matoa;999500
Buah Matoa POMETIA PINNATA papua 3 macam rasa jadi 1 murah 250gr;12995;100;2;Matoa;1299500
BIBIT TANAMAN MATOA SUPER MANIS;17500;30;2;Matoa;525000
buah matoa 500gram|buah papua|nuri fruits|buah segar bandung|buah band;46000;100;2;Matoa;4600000
Bibit Matoa Super Hasil Cangkok Tinggi 2 Meter Cepat Berbuah;400000;0;2;Matoa;0
buah matoa 1 KG & 500 GRAM manis banget!!!;30000;18;2;Matoa;540000
bibit matoa merah super unggul murah matoa buah unik;25000;20;2;Matoa;500000
Buah kelapa kopyor genjah segar murah langsung dari pohon sendiri;35000;90;2;Matoa;3150000
buah naga merah;38000;23;2;Matoa;874000
buah naga;39000;100;2;Matoa;3900000
GROSIR.! ( 10kg ) MANGGA HARUM MANIS BESAR / MATANG POHON / BUAH SEGAR;400000;30;2;Matoa;12000000
Buah Jeruk Keprok Batu 55 / B-55 - 250 gram;36879;0;2;Matoa;0
PROMO 5 BIBIT MATOA MERAH/ MATOA HIJAU ADA SUPER UNGGUL;120000;0;2;Matoa;0
bibit tanaman buah Matoa okulasi;40000;16;2;Matoa;640000
TERLARISSS 2 KG BUAH SUPER PILIHAN MATOA ASLI PAPUA;65000;100;2;Matoa;6500000
bibit pohon matoa tinggi (1m);40000;19;2;Matoa;760000
VIRAAAALLL BUAH MATOA 3 RASA TERMURAH Durian Kelengkeng Rambutan 500Gr;36250;0;2;Matoa;0
pohon matoa tinggi 2 meter;300000;1;2;Matoa;300000
Bibit Pohon Matoa - Buah Matoa - Tanaman Island Lychee - Mirip Leci;17000;100;2;Matoa;1700000
Bibit Tanaman Buah Matoa / Matoa Papeda Genjah;12000;28;2;Matoa;336000
buah matoa segar;35000;29;2;Matoa;1015000
Buah Matoa Asli Papua 3 Macam Rasa Rambutan/Durian/Klengkeng 250gr;13700;100;2;Matoa;1370000
matoa buah perkilo;60000;14;2;Matoa;840000
Matoa 1kg;42000;100;2;Matoa;4200000
Buah Matoa Fresh 1 kg;99900;0;2;Matoa;0
Bibit Matoa Pohon Matoa Bibit Buah Matoa Tanaman Matoa Siap Berbuah;25000;0;2;Matoa;0
buah matoa 1kg | Rambutan papua;189000;0;2;Matoa;0
Bibit Pohon Matoa - Buah Mirip Kelengkeng Aroma Durian - Khas Papua;15000;30;2;Matoa;450000
bibit pohon buah matoa;13000;5;2;Matoa;65000
Matoa Papua super manis 0.8 kg;79000;8;2;Matoa;632000
pohon matoa tinggi 3 meter siap berbuah;495000;0;2;Matoa;0
Promo Buah Matoa papua manis 1 kg;89000;16;2;Matoa;1424000
bibit tanaman buah matoa super unggul;8000;6;2;Matoa;48000
Bibit Pohon Matoa - Tanaman Buah Matoa Island Lychee Mirip Leci;17000;15;2;Matoa;255000
buah matoa 500gr;35000;10;2;Matoa;350000
buah matoa 1kg fresh;50000;70;2;Matoa;3500000
Terlaris Terlaris bibit matoa cangkok Termurah;15000;10;2;Matoa;150000
Matoa buah fresh fruit;69900;8;2;Matoa;559200
Matoa Papua;29000;14;2;Matoa;406000
Buah Matoa Dari Papua 3rasa fresh;155000;13;2;Matoa;2015000
Matoa Manis;32500;50;2;Matoa;1625000
pohon buah matoa, siap berbuah, tinghi pohon 2 mtr;300000;0;2;Matoa;0
matoa buah;30000;8;2;Matoa;240000
Buah Matoa fresh 1kg / buah matoa manis;65000;3;2;Matoa;195000
pohon matoa tinggi 2 meter;300000;2;2;Matoa;600000
Bibit buah Red Matoa 1,5 Meter Aslil Papua;150000;2;2;Matoa;300000
Paket 3 Bibit Matoa Super Unggul Berkhualitas;76200;0;2;Matoa;0
Kelapa Kopyor Genjah Super TEBAL Fresh Segar Murah READY STOK - S - S;45000;50;2;Matoa;2250000
Bibit Alpukat mentega jumbo;17000;1000;2;Matoa;17000000
Bibit Kelengkeng New Kristal Hasil Okulasi Cepat Berbuah;45000;6;2;Matoa;270000
bibit alpukat mentega jumbo;400000;0;2;Matoa;0
Bibit Leci Bhiwa Biwa Hasil Okulasi Unggul Cepat Berbuah;50000;0;2;Matoa;0
Buah Matoa Fresh 500 Gram;32000;100;1;Matoa;3200000
Buah Matoa dari Papua 3rasa Duren-Klengkeng-Rambutan Murah Fresh 250gr;13255;2000;1;Matoa;26510000
Matoa Manis - 500 gram;32500;50;1;Matoa;1625000
buah matoa 1 kg - MIX;67000;100;1;Matoa;6700000
Pupuk Matoa Organik Booster Matoa Pemacu Cepat Berbuah Lebat;23000;70;1;Matoa;1610000
BUAH MATOA FRESH RASA DURIAN;27500;750;1;Matoa;20625000
buah matoa 1kg;48500;4000;1;Matoa;194000000
buah matoa 1 kg manis - MATOA;35000;100;1;Matoa;3500000
Buah Matoa Papua 3Rasa Duren+Rambutan+Klengkeng Harga Grosir 500gr;25425;500;1;Matoa;12712500
buah matoa 1 kg murah;50000;3000;1;Matoa;150000000
Bibit Tanaman Buah Matoa Cepat Berbuah Okulasi;30000;0;1;Matoa;0
buah matoa 500gr;36000;0;1;Matoa;0
Pupuk Matoa Booster, Pupuk Organik Tanaman Buah, Penyubur Bibit Buah;35000;14;1;Matoa;490000
Bibit matoa;14500;15;1;Matoa;217500
rambutan rapiah 1kg;37050;50;1;Matoa;1852500
Buah Matoa segar terlaris termurah / matoa;16000;40;1;Matoa;640000
Bibit Tanaman Matoa Super Unggul Cepat Berbuah Buah Matoa;8500;250;1;Matoa;2125000
Buah Matoa 1kg;55000;70;1;Matoa;3850000
Buah Matoa dari Papua 3rasa Duren-Klengkeng-Rambutan Murah Fresh 250gr;13255;2000;1;Matoa;26510000
Buah Matoa Segar 1 Pack Buah Asli Papua Buah Berkhasiat;13500;250;1;Matoa;3375000
Buah Matoa Fresh 500 Gram;32000;100;1;Matoa;3200000
Matoa;32500;100;1;Matoa;3250000
Buah Matoa 3 Rasa Dalam Satu Gigitan;52000;100;1;Matoa;5200000
Buah Matoa Fresh;50000;100;1;Matoa;5000000
Buah Matoa Khas Papua 500gr;40000;80;1;Matoa;3200000
rambutan binjai 1kg;32400;18;1;Matoa;583200
buah srikaya;34960;30;1;Matoa;1048800
buah duku - 500 gram;27550;4;1;Matoa;110200
alpukat muria mentega;56050;9;1;Matoa;504450
salak pondoh 1kg;19800;16;1;Matoa;316800
buah matoa Papua / rambutan Papua / matoa manis qualitas;16000;0;1;Matoa;0
Matoa pati si buah 3 rasa;45000;0;1;Matoa;0
Bibit Matoa Unggul;5000;100;1;Matoa;500000
buah matoa fresh 1 kg;5000000;6;1;Matoa;30000000
Buah matoa asli papua manis aroma durian / rambutan papua;48000;1000;1;Matoa;48000000
Bibit Tanaman Matoa cepat berbuah;9000;750;1;Matoa;6750000
buah matoa;59900;100;1;Matoa;5990000
TERLARISSS 4 KG BUAH MATOA MANIS UNIK RASA UNIK;65000;100;1;Matoa;6500000
Buah Matoa;18000;100;1;Matoa;1800000
Buah Matoa Papua 3Rasa Duren+Rambutan+Klengkeng Harga Grosir 250gr;12715;100;1;Matoa;1271500
Buah Matoa Papua 3Rasa Duren+Rambutan+Klengkeng Harga Grosir 500gr;25425;500;1;Matoa;12712500
nanas pemalang;15000;21;1;Matoa;315000
alpukat kendil;54000;5;1;Matoa;270000
jambu citra merah;47000;40;1;Matoa;1880000
pisang sunpride 1 kg;25200;10;1;Matoa;252000
semangka merah non biji;48000;9;1;Matoa;432000
Bibit Tanaman Buah Matoa Hasil Cangkok;35000;100;1;Matoa;3500000
Rezeki Fresh Market Matoa [0.5-0.7 kg/1 pack];59800;40;1;Matoa;2392000
Bibit Tanaman Buah Matoa Unggul HASIL Cangkok/Sambung;32000;40;1;Matoa;1280000
buah matoa manis terlaris;16000;0;1;Matoa;0
buah matoa khas papua 500grm;55500;22;1;Matoa;1221000
buah matoa 1 kg;30000;9;1;Matoa;270000
TERLARISSS 2 KG BUAH MATOA ASLI PAPUA SUPER PILIHAN;65000;80;1;Matoa;5200000
Buah Matoa / 500gram - 1kg / Fresh;41000;30;1;Matoa;1230000
Buah Matoa Asli Papua 3 Rasa Jadi Satu Rambutan/Durian/Klengkeng 500gr;25750;250;1;Matoa;6437500
buah matoa;60000;250;1;Matoa;15000000
BUAH MATOA FRESH 1 KG;76500;50;1;Matoa;3825000
buah matoa 1kg;51000;250;1;Matoa;12750000
Paket 4 Pohon Matoa Papua Cangkok-Bibit Tanaman Buah Matoa Papua Asli;75000;22;1;Matoa;1650000
BUAH MATOA PREMIUM 1 KG GRADE A;94997;250;1;Matoa;23749250
bibit matoa super unggul jumbo;7500;12;1;Matoa;90000
cangkok matoa;175000;40;1;Matoa;7000000
BUAH MATOA FRESH SUPER MANIS - MATOA PATI - MATOA PAPUA - BUAH AJAIB;47555;6;1;Matoa;285330
Buah Matoa Papua;53000;12;1;Matoa;636000
buah matoa manis fresh/1kg;95000;19;1;Matoa;1805000
BUAH MATOA 1KG;1200000;15;1;Matoa;18000000
Buah Matoa Manis 1Kg;88900;30;1;Matoa;2667000
Bibit Matoa Merah Unggul;10000;8;1;Matoa;80000
Buah Matoa 3 rasa;48000;50;1;Matoa;2400000
buah matoa manis premium fresh 1 kg;75000;19;1;Matoa;1425000
bibit pohon matoa(2meter )siap berbuah;387000;2;1;Matoa;774000
MATOA BUAH MATOA;15900;40;1;Matoa;636000
bibit tanaman buah matoa cangkok/ biji cepat berbuah;65000;23;1;Matoa;1495000
tanaman buah matoa cepat berbuah;95000;18;1;Matoa;1710000
Buah Matoa 1kg;89000;21;1;Matoa;1869000
buah matoa manis buah langka dari papua per 1 pack;40000;12;1;Matoa;480000
buah matoa 1 kg|buah matoa fresh 1kg|buah matoa 3 rasa|matoa papua;68000;30;1;Matoa;2040000
Matoa Super;38000;12;1;Matoa;456000
BUAH MATOA PAPUA 500GR;33000;0;1;Matoa;0
Bibit Tanaman Buah Matoa Super Unggulan;40000;6;1;Matoa;240000
Buah Matoa 1 Kg;115900;16;1;Matoa;1854400
pepaya california;22000;24;1;Matoa;528000
buah manggis - 1 kg;35000;12;1;Matoa;420000
melon ngawi madu;29600;2;1;Matoa;59200
buah naga merah;29000;19;1;Matoa;551000
nanas honi sunpride - utuh;26000;9;1;Matoa;234000
ROCKBROS PT-6005 Bike Tail Light - Lampu Belakang Seatpost Sepeda;37500;3000;1;Rockbros;112500000
ROCKBROS LF8065 Masker Balaclava Sepeda Slayer Motor Face Mask Scarf B;38000;6000;1;Rockbros;228000000
Manset Tangan Sepeda Rockbros Original anti UV Arm sleeve Pria Wanita;59000;500;1;Rockbros;29500000
ROCKBROS Ice Silk Arm Sleeves Protection UV Cycling Cool Arm Sleeves - Putih;14022;8;1;Rockbros;112176
ROCKBROS YQ-ZJQD400LM Lampu Depan Sepeda Barfly 400 Lumen Rechargeable;120000;100;1;Rockbros;12000000
ROCKBROS LF8065 Masker Balaclava Sepeda Slayer Motor Face Mask Scarf B;38000;6000;1;Rockbros;228000000
ROCKBROS XT9002 Manset Tangan Sepeda Cycling Arm Sleeve Pria Wanita;11500;10000;1;Rockbros;115000000
ROCKBROS S202 Sarung Tangan Sepeda Non Padding Half Finger Gloves;57000;250;1;Rockbros;14250000
ROCKBROS LF8112 Long Masker Balaclava Slayer Motor Sepeda Anti UV;45900;1000;1;Rockbros;45900000
ROCKBROS 32420515001 Kunci Gembok Sepeda Bike Bicycle Lock Ring 95CM;57000;250;1;Rockbros;14250000
ROCKBROS LF8112 Long Masker Balaclava Slayer Motor Sepeda Anti UV;45900;1000;1;Rockbros;45900000
ROCKBROS RHL 1000 Lampu Depan Senter Sepeda Bicycle Front Light 1000LM;239000;100;1;Rockbros;23900000
Rockbros T530-RD Gembok Kunci Sepeda 4 Angka Bike Lock Password Bk Red;50000;100;1;Rockbros;5000000
Pompa Injak Sepeda Multi Guna Double Silinder Baja Rockbros;228000;250;1;Rockbros;57000000
ROCKBROS S202 Sarung Tangan Sepeda Non Padding Half Finger Gloves;57000;250;1;Rockbros;14250000
ROCKBROS 40210003 Handgrip Sepeda Tutup Setang Bicycle Grips Leather;55000;250;1;Rockbros;13750000
ROCKBROS RKS515 Kunci Gembok Sepeda Bicycle Lock Ring with Bracket;41000;4000;1;Rockbros;164000000
ROCKBROS S196 Sarung Tangan Sepeda Bike Gloves Half finger;97400;100;1;Rockbros;9740000
ROCKBROS S099 Sarung Tangan Sepeda Bike Half Finger Gloves;43500;500;1;Rockbros;21750000
ROCKBROS Arm Sleeve Sunscreen Protection Manset Pelindung Sinar UV SPF;25000;1000;1;Rockbros;25000000
ROCKBROS Kacamata Sepeda 10119 10109 Cycling Eyewear Sunglasses 3 Lens;146999;100;1;Rockbros;14699900
ROCKBROS WB-001B - Masker Wajah Sepeda Anti UV Scarf Slayer - 2 warna;35100;1000;1;Rockbros;35100000
ROCKBROS S291-1 Sarung Tangan Sepeda Anti UV Bike Glove Full Finger;91000;500;1;Rockbros;45500000
ROCKBROS GJ1601 Kunci Sepeda 16In1 Bike Tool Kit Toolset Multifungsi;26300;2000;1;Rockbros;52600000
ROCKBROS PVC001 Pegangan Botol Minum Sepeda Bottle Cage Botol Holder;11200;2000;1;Rockbros;22400000
Rockbros FK-211 Kaca Spion Sepeda 360 Derajat Bicycle Rearview Mirror;62000;18;1;Rockbros;1116000
ROCKBROS 34210002 Bel Elektronik Klakson Sepeda 120DB Bicycle Horn;69000;100;1;Rockbros;6900000
Rockbros PF1 Pompa Fork Angin Sepeda Air Shock 300 PSI Alloy Hitam;229000;250;1;Rockbros;57250000
Pompa Ban Sepeda Rockbros A320 120PSI Original;29500;14;1;Rockbros;413000
Rockbros KS-416 Adaptor Bracket Single Bottle Cage Botol Minum Sepeda;49000;50;1;Rockbros;2450000
ROCKBROS WB002 Masker Sport Sepeda - Face Mask Scarf Bandana Ice;41200;250;1;Rockbros;10300000
ROCKBROS 2011-7A Standar Sepeda Samping Bicycle Kick Stand Adjustable;40900;1000;1;Rockbros;40900000
ROCKBROS S202-1 Sarung Tangan Sepeda Anti UV Bike Gloves Full Finger;62500;100;1;Rockbros;6250000
ROCKBROS DNB-1001 Spakbor Sepeda Telescopic Bike Bicycle Fender;78000;250;1;Rockbros;19500000
ROCKBROS DCBT68 Botol Minum Sepeda Olahraga Bidon 600ml Water Bottle;36374;1000;1;Rockbros;36374000
ROCKBROS DCBT69 Botol Minum Sepeda Olahraga 750ml - Water Drink Bottle;39400;3000;1;Rockbros;118200000
ROCKBROS Bicycle Tas Sepeda 1.2L Bike Triangle Bag Reflective MTB B75;75999;250;1;Rockbros;18999750
ROCKBROS ZPWD-1 Lampu Belakang Sepeda Bike Clip Light Mini Lamp;18500;250;1;Rockbros;4625000
ROCKBROS T512 T609 Kunci Gembok Sepeda Bicycle Lock Passcode 4 Angka;38000;1000;1;Rockbros;38000000
Rockbros Lampu Depan Sepeda USB Rechargeable 2000mAh 400L YQ-QD400;109000;100;1;Rockbros;10900000
ROCKBROS GJ1601 Multifunction Bicycle Repair Tools Kit Toolset Sepeda;27000;0;1;Rockbros;0
ROCKBROS 041b Tas Sepeda Multifungsi 5in1 Bicycle Tube Bag Rain proof;133000;50;1;Rockbros;6650000
Topi Sepeda Rockbros Anti UV Cycling Cap;70000;11;1;Rockbros;770000
Rockbros FP4310S Pompa Sepeda Injak Multi Guna Double Silinder Baja;315500;18;1;Rockbros;5679000
ROCKBROS DCBT68 Botol Minum Sepeda Olahraga Bidon 600ml Water Bottle;36374;1000;1;Rockbros;36374000
Bracket Stang Sepeda Rockbros Dudukan Holder GoPro GPS Sepeda;85000;70;1;Rockbros;5950000
ROCKBROS PT-6005 Bike Tail Light - Lampu Belakang Seatpost Sepeda;37500;3000;1;Rockbros;112500000
Rockbros WR05 Lampu Belakang Sepeda Brake Sensor Light USB Waterproof;99275;250;1;Rockbros;24818750
ROCKBROS JC1005BK Standar Sepeda Samping Telescopic Kick Stand;67500;750;1;Rockbros;50625000
ROCKBROS DCBT69 New Botol Minum Sepeda Olahraga 750ml Water Bottle;41000;500;1;Rockbros;20500000
ROCKBROS LF8111 Long Face Mask Masker Wajah Sepeda Anti UV Balaclava;45500;100;1;Rockbros;4550000
ROCKBROS S106 Sarung Tangan Sepeda Bike Glove Half Finger Pria Wanita;56000;2000;1;Rockbros;112000000
ROCKBROS LDRK1001 Bel Sepeda Bicycle Bell Klakson Sepeda MTB Seli;26000;750;1;Rockbros;19500000
ROCKBROS 699 Holder Handphone Tempat HP Sepeda Adjustable Mounting;69999;500;1;Rockbros;34999500
ROCKBROS GMBT1001 Handgrip Setang Sepeda Silicone Bike Handlebar Grip;15500;500;1;Rockbros;7750000
ROCKBROS Q5 Lampu Belakang Sepeda Sensor Rem Bike Taillight SmartBrake;163900;500;1;Rockbros;81950000
ROCKBROS GJ1601 Multifunction Bicycle Repair Tools Kit Toolset Sepeda;27000;1000;1;Rockbros;27000000
Rockbros Botol Minum Sepeda Olahraga BPA Free Cycling Bottle;39800;500;1;Rockbros;19900000
ROCKBROS RKS870 Kunci Gembok Sepeda Baja 87CM Bike Lock Steel 5 Code;87000;100;1;Rockbros;8700000
ROCKBROS RKS515 Kunci Gembok Sepeda-Bike Bicycle Lock Ring 110CM;41000;4000;1;Rockbros;164000000
ROCKBROS LF8065 Masker Balaclava Slayer Motor Sepeda Face Mask;38500;1000;1;Rockbros;38500000
ROCKBROS 2022-1B Bel Sepeda Retro Bicycle Chopper Bell Stainless Horn;62300;90;1;Rockbros;5607000
ROCKBROS 34210006001 C Shaped Concealed Bel Sepeda Horn Alloy Bell;58500;80;1;Rockbros;4680000
ROCKBROS RHL1000 Lampu Barfly Depan Sepeda RHL 1000 Front Light 1000LM;235999;50;1;Rockbros;11799950
ROCKBROS WB001 Masker Sepeda Anti UV Cycling Face Mask Scarf;36000;2000;1;Rockbros;72000000
Rockbros Holder Bottle Cage Bracket Adaptor Tempat Botol Minum Sepeda;39500;100;1;Rockbros;3950000
ROCKBROS Bracket Mount Holder Barfly Computer Gopro Garmin Bryton IGS;82800;30;1;Rockbros;2484000
ROCKBROS TM-1701P Pompa Angin Sepeda 80 Psi Bike Portable Mini Pump;40500;500;1;Rockbros;20250000
ROCKBROS GJ1601 16 In 1 Bike Tool Kit - Toolset Alat Kunci Sepeda;23800;2000;1;Rockbros;47600000
ROCKBROS D45 Cycling Sport Gym Run Bottle Waist Bag Tas Botol Pinggang;77300;40;1;Rockbros;3092000
ROCKBROS LDRK1002 Bel Sepeda Copper Bicycle Bell Quick Release Loud;23800;250;1;Rockbros;5950000
ROCKBROS BC01 Pegangan Botol Minum Sepeda Bicycle Bottle Cage Holder;24100;1000;1;Rockbros;24100000
ROCKBROS S221 Gloves Sarung Tangan Sepeda Semua Ukuran - Hitam;105700;1000;1;Rockbros;105700000
ROCKBROS RKS502 Kunci Gembok Sepeda Bike Bicycle Lock Ring 40CM;63000;250;1;Rockbros;15750000
ROCKBROS 38210006 Sadel Jok Sepeda Bicycle Saddle Soft Hollow Cushion;141000;50;1;Rockbros;7050000
LAMPU DEPAN SEPEDA 400 LUMENS ROCKBROS USB RECHARGEABLE;112900;12;1;Rockbros;1354800
ROCKBROS RKS507 Kunci Gembok Sepeda Anti-theft Bicycle Lock 120cm;75000;100;1;Rockbros;7500000
ROCKBROS AS-019 Small Tas Sepeda Cycling Bike Bicycle Top Front Tube;124000;80;1;Rockbros;9920000
ROCKBROS AQ-6090 Sadel Jok Sepeda Empuk Soft Bicycle Saddle Cushion;125000;250;1;Rockbros;31250000
ROCKBROS Bicycle Bag Front Waterproof Hard Shell Tas Folding Bike B91;123999;50;1;Rockbros;6199950
ROCKBROS FYZJ Phone Holder Bag Sepeda Motor Bike Waterproof Touchscren;88999;80;1;Rockbros;7119920
ROCKBROS YPP074 Topi Kupluk Sepeda Cycling Cap Anti UV Hat Riding;45000;100;1;Rockbros;4500000
Rockbros 2821 Fender Telescopik Spakbor Mud Guard Lipat Sepeda;99000;50;1;Rockbros;4950000
Indoor BIKE TRAINER Rockbros 707314 Sepeda Indoor Roller Foldable;1200000;5;1;Rockbros;6000000
ROCKBROS RKS610 Kunci Gembok Sepeda Bike Double Lock U Shape Steel;185000;30;1;Rockbros;5550000
ROCKBROS RKS507 Kunci Gembok Sepeda Bike Bicycle Lock 120cm Anti Air;77900;250;1;Rockbros;19475000
