sku_name;price;sold;page;keyword
DRESS ANAK KONICHIWA EBV Baju Dress Anak Perempuan Import - Grey, M;Rp114.400;2 terjual;3;konichiwa
Hakushika Umakuchi shika Pack 3L sake;Rp1.150.000;5 terjual;3;konichiwa
Marutai Kurume Noko Tonkotsu Ramen 194 Gr;Rp51.000;3 terjual;3;konichiwa
POP IT XXXL PASTEL STRAWBERRY PREMIUM / rainbow popit tiktok bubble;Rp169.000;21 terjual;3;konichiwa
seventeen topokki - Merah Muda;Rp50.000;0;3;konichiwa
BUKU TRAVELLING / KONICHIWA JAPAN! / BUKU TENTANG JEPANG / BUKU;Rp72.000;0;3;konichiwa
HappyOliver DRESS KONICHIWA EBV Baju Dress Anak Perempuan Import ðŸ¤ž;Rp80.000;0;3;konichiwa
Konichiwa Japan!;Rp41.000;0;3;konichiwa
ASLI BUKU MOTIVASI : KONICHIWA JAPAN! READY STOCK;Rp90.000;0;3;konichiwa
SPREI SET KATUN PREMIUM BEVERLY HK KONICHIWA PINK;Rp120.000;0;3;konichiwa
POP IT JUMBO XL BUTTERFLY / popit tiktok viral kado - Rainbow;Rp79.000;40+ terjual;3;konichiwa
POP IT JUMBO XXXL RAINBOW BIG BOW / popit tiktok pita viral hadiah;Rp139.000;3 terjual;3;konichiwa
BEDCOVER + SPREI SET KATUN PREMIUM BEVERLY HK KONICHIWA RED;Rp365.000;0;3;konichiwa
Buku Motivasi : Konichiwa Japan!;Rp95.000;0;3;konichiwa
HappyOliver DRESS KONICHIWA EBV Baju Dress Anak Perempuan Import;Rp108.000;0;3;konichiwa
Heybaby Dress Konichiwa Ebv Baju Dress Anak Perempuan Import Dress;Rp100.018;0;3;konichiwa
Buku Travelling / Konichiwa Japan! / Buku tentang Jepang / Buku;Rp71.000;0;3;konichiwa
PROMO SANDAL KONICHIWA BERKUALITAS;Rp207.000;0;3;konichiwa
BEDCOVER + SPREI SET KATUN PREMIUM BEVERLY HK KONICHIWA PINK;Rp365.000;0;3;konichiwa
Sprei Katun Lokal Motif HK Konichiwa By Bahan Katun Beverly,Sprei;Rp342.000;0;3;konichiwa
Produk Terbatas Happyoliver Dress Konichiwa Ebv Baju Dress Anak;Rp992.000;0;3;konichiwa
Terbaru Heybaby Dress Konichiwa Ebv Baju Dress Anak Perempuan Import;Rp1.193.000;0;3;konichiwa
Hoodie anak perempuan motif kawai lucu cute konichiwa jaket cewek;Rp26.000;0;3;konichiwa
Buku Travelling : KONICHIWA JAPAN! - Buku tentang Jepang;Rp84.000;0;3;konichiwa
Promo / Buku Sejarah / Buku Travelling / Buku Jepang : Konichiwa;Rp90.000;0;3;konichiwa
Terlaris Buku Travelling / Konichiwa Japan! / Buku tentang Jepang /;Rp41.000;0;3;konichiwa
Konichiwa 65ml Parfum Dokyo J15 Pheromone 100 Original Jepang Limited;Rp387.400;0;3;konichiwa
Handskun Latex / Konichiwa / Free Powder / Uk. M;Rp45.000;0;3;konichiwa
Buku Travelling / Konichiwa Japan! / Buku Tentang Jepang / Buku;Rp121.000;0;3;konichiwa
Sprei Konichiwa;Rp517.000;0;3;konichiwa
Handskun Latex / Konichiwa / Free Powder / Uk S;Rp45.000;0;3;konichiwa
Baju Kodok Pendek Konichiwa;Rp113.000;0;3;konichiwa
Kemeja Katun Konichiwa;Rp142.000;0;3;konichiwa
Sandal konichiwa;Rp150.000;0;3;konichiwa
HappyOliver DRESS KONICHIWA EBV Baju Dress Anak Perempuan Import;Rp149.000;0;3;konichiwa
Sprei Set Katun Lokal Homemade Motif HK Konichiwa;Rp115.000;0;3;konichiwa
Setelan anak Konichiwa Ryucho;Rp95.000;0;3;konichiwa
Handskun / Konichiwa / Powder / Uk L;Rp50.000;0;3;konichiwa
Buku Konichiwa Japan! (Cklik Media - 2020);Rp58.000;0;3;konichiwa
SPREI SET KATUN PREMIUM KING | QUEEN | SINGLE MOTIF konichiwa;Rp115.000;0;3;konichiwa
Baju Kodok Piteku Panjang seri konichiwa;Rp68.000;0;3;konichiwa
Baju kodok pendek Piteku konichiwa;Rp57.000;0;3;konichiwa
Smiggle Konichiwa Eraser Set Penghapus Cantik Lucu Karakter Jepang;Rp50.000;0;3;konichiwa
Ritter Sport Konichiwa;Rp132.000;0;3;konichiwa
SARUNG TANGAN KONICHIWA POWDER;Rp35.000;0;3;konichiwa
heybaby DRESS KONICHIWA EBV Baju Dress Anak Perempuan Import Dress;Rp86.000;0;3;konichiwa
Handskun / Konichiwa / Powder / Uk M;Rp50.000;0;3;konichiwa
PO420 kaos distro pria konichiwa allsize ld98cm cotton 30s;Rp83.900;0;3;konichiwa
promo Buku Traveling : Konichiwa Japan! : Buku Tentang Jepang ready;Rp74.000;0;3;konichiwa
Handskun / Konichiwa / Powder / Uk S;Rp50.000;0;3;konichiwa
Handskun Latex / Konichiwa / Free Powder / Uk. L;Rp45.000;0;3;konichiwa
Konichiwa Latex Non Steril Powder Free;Rp48.000;0;3;konichiwa
mochi kacang konichiwa;Rp20.000;0;3;konichiwa
Glove Merk Konichiwa Non Powder;Rp52.000;0;3;konichiwa
baju anak perempuan import DRESS KONICHIWA;Rp83.500;0;3;konichiwa
Sprei Anak Motif Konichiwa By Katun Star,Seprei Katun Lokal;Rp181.000;0;3;konichiwa
dress anak perempuan KONICHIWA baju anak perempuan pakaian anak IMPORT;Rp90.150;0;3;konichiwa
Kemeja Blouse Konichiwa Korea Wanita Kantor;Rp104.599;0;3;konichiwa
DRESS ANAK KONICHIWA EBV Baju Dress Anak Perempuan Import;Rp114.400;0;3;konichiwa
Dress Konichiwa Ebv Baju Dress Anak Perempuan Import Dress Anak;Rp93.000;0;3;konichiwa
Konichiwa Eraser set;Rp80.000;0;3;konichiwa
SARUNG TANGAN KONICHIWA LPF;Rp36.500;0;3;konichiwa
SARUNG TANGAN KONICHIWA LPS;Rp33.000;0;3;konichiwa
DRESS ANAK KONICHIWA EBV Baju Dress Anak Perempuan Import - Grey, M;Rp114.400;2 terjual;2;konichiwa
Hakushika Umakuchi shika Pack 3L sake;Rp1.150.000;5 terjual;2;konichiwa
Marutai Kurume Noko Tonkotsu Ramen 194 Gr;Rp51.000;3 terjual;2;konichiwa
BAJU KAOS ATASAN ANAK UNISE MOTIF BTS KOREAN BOYBAND BAHAN KATUN-PD036 - Lilac, L : 7-10 TAHUN;Rp18.499;1 terjual;2;konichiwa
POP IT XXXL PASTEL STRAWBERRY PREMIUM / rainbow popit tiktok bubble;Rp169.000;21 terjual;2;konichiwa
Konichiwa Salad Wrap;Rp78.000;0;2;konichiwa
MYS243- heybaby DRESS KONICHIWA EBV Baju Dress Anak Perempuan Import a;Rp925.000;0;2;konichiwa
HappyOliver DRESS KONICHIWA EBV Baju Dress Anak Perempuan Import;Rp142.000;0;2;konichiwa
FYN244- HappyOliver DRESS KONICHIWA EBV Baju Dress Anak Perempuan Impo;Rp918.000;0;2;konichiwa
Konichiwa jacket jeans;Rp155.000;0;2;konichiwa
seventeen topokki - Merah Muda;Rp50.000;0;2;konichiwa
POP IT JUMBO XL BUTTERFLY / popit tiktok viral kado - Rainbow;Rp79.000;40+ terjual;2;konichiwa
Kaos kpop BTS butter kuning anak cewek 2 3 4 5 6 7 8 9 10 tahun - XXS;Rp70.000;2 terjual;2;konichiwa
POP IT PREMIUM STRAWBERRY popit tiktok popit tebal its murah new - Pre. Strawberry;Rp59.000;100+ terjual;2;konichiwa
HappyOliver DRESS KONICHIWA EBV Baju Dress Anak Perempuan Import;Rp152.000;0;2;konichiwa
Kâœ‰4X DRESS ANAK KONICHIWA EBV BAJU DRESS ANAK PEREMPUAN T LãŠšR6;Rp146.000;0;2;konichiwa
FYN244- heybaby DRESS KONICHIWA EBV Baju Dress Anak Perempuan Import a;Rp925.000;0;2;konichiwa
Heybaby-Dress Konichiwa Ebv Baju Dress Anak Perempuan Import Dress;Rp992.000;0;2;konichiwa
Happyoliver Dress Konichiwa Ebv Baju Dress Anak Perempuan Import Best;Rp979.000;0;2;konichiwa
Littleaaron Dress Konichiwa Ebv Baju Dress Anak Perempuan Import;Rp107.000;0;2;konichiwa
cetak dus konichiwa;Rp2.875.000;0;2;konichiwa
HappyOliver DRESS KONICHIWA EBV Baju Dress Anak Perempuan Import;Rp144.000;0;2;konichiwa
Produk heybaby DRESS KONICHIWA EBV Baju Dress Anak Perempuan Import;Rp1.166.000;0;2;konichiwa
Buku Traveling : Konichiwa Japan!;Rp123.000;0;2;konichiwa
Sprei Anak Motif Konichiwa By Katun Star, Seprei Katun Lokal;Rp366.000;0;2;konichiwa
Konichiwa Japan!;Rp31.900;0;2;konichiwa
BEDCOVER + SPREI SET KATUN PREMIUM BEVERLY HK KONICHIWA PINK;Rp365.000;0;2;konichiwa
DRESS KONICHIWA Baju Dress Anak Perempuan Dress anak bayi Perempuan;Rp110.752;0;2;konichiwa
Paket lensa minus - frame kacamata pria wanita konichiwa;Rp166.000;0;2;konichiwa
Buku Travelling / Konichiwa Japan! / Buku tentang Jepang / Buku Travel;Rp40.600;0;2;konichiwa
pesanan khusus konichiwa bdg;Rp523.312;0;2;konichiwa
Sandal konichiwa ðŸ‘š;Rp85.000;0;2;konichiwa
Konichiwa Salad Bowl;Rp78.000;0;2;konichiwa
[Dijual] Sakura / Konichiwa Bantal Panas Belt + Magnet Tipis;Rp198.000;0;2;konichiwa
Sarung Tangan Konichiwa Powder Free;Rp40.000;2 terjual;2;konichiwa
Handskun Konichiwa Latex Free Powder;Rp45.000;2 terjual;2;konichiwa
PROMO' Buku Travelling / Konichiwa Japan! / Buku tentang Jepang /;Rp41.000;0;2;konichiwa
Sprei Set Katun Star HK konichiwa uk 200|180|160|140|120|100|90;Rp125.000;0;2;konichiwa
Sprei Bedcover Set Katun Star konichiwa p uk200|180|160|140|120|100|90;Rp355.000;0;2;konichiwa
Sprei Set Katun Star konichiwa p uk 200|180|160|140|120|100|90;Rp125.000;0;2;konichiwa
sprei & bedcover katun beverly collection motif HK konichiwa 2 warna ;Rp260.000;0;2;konichiwa
FER223- heybaby DRESS KONICHIWA EBV Baju Dress Anak Perempuan Import a;Rp932.000;0;2;konichiwa
SUNSHINE FRAME KACAMATA BULAT KONICHIWA TERMURAH SEINDONESIA;Rp307.000;0;2;konichiwa
BUKU MOTIVASI : KONICHIWA JAPAN!;Rp99.000;0;2;konichiwa
HappyOliver DRESS KONICHIWA EBV Baju Dress Anak Perempuan Import;Rp103.400;0;2;konichiwa
Diskon Bedcover Set Anti Geser Motif Hk Konichiwa Uk 120X200-200X200;Rp618.000;0;2;konichiwa
TERBUKTI Kemeja Katun Konichiwa BYR;Rp122.000;0;2;konichiwa
Menarik Paket lensa minus - frame kacamata pria wanita konichiwa;Rp163.500;0;2;konichiwa
Buku Traveling : Konichiwa Japan!;Rp90.000;0;2;konichiwa
Soraya Bedsheet Set Bedcover Single Katun Gold Motif Konichiwa Murah;Rp793.000;0;2;konichiwa
Soraya Bedsheet Set Bedcover Single Katun Gold Motif Konichiwa;Rp793.000;0;2;konichiwa
Konichiwa 65ml Parfum Dokyo J15 Pheromone 100 Original Jepang;Rp374.400;0;2;konichiwa
heybaby DRESS KONICHIWA EBV Baju Dress Anak Perempuan Import Dress;Rp1.010.000;0;2;konichiwa
FER223- HappyOliver DRESS KONICHIWA EBV Baju Dress Anak Perempuan Impo;Rp952.000;0;2;konichiwa
Menarik Paket lensa minus - frame kacamata pria wanita konichiwa;Rp163.500;0;2;konichiwa
BUKU MOTIVASI : KONICHIWA JAPAN!;Rp84.800;0;2;konichiwa
Buku Travelling : KONICHIWA JAPAN! - Buku tentang Jepang;Rp81.900;0;2;konichiwa
KAOS WANITA ATASAN WANITA DISTRO GREENLIGHT KAOS KONICHIWA GREENLIGHT;Rp64.900;0;2;konichiwa
BEDCOVER SET KATUN BEVERLY MOTIF HK KONICHIWA RED;Rp884.000;0;2;konichiwa
Sepatu Corvalue Footwear - Sneakers Kasual Pria Wanita Konichiwa Fulwh;Rp361.000;0;2;konichiwa
Buku Traveling : Konichiwa Japan!;Rp81.900;0;2;konichiwa
Buku Traveling - Konichiwa Japan Travel Food Culture Life;Rp96.000;0;2;konichiwa
SEPATU CORVALUE FOOTWEAR - Sepatu Sneakers Casual Konichiwa Full White;Rp210.000;0;2;konichiwa
PROMO SANDAL KONICHIWA BERKUALITAS;Rp272.500;0;2;konichiwa
DRESS KONICHIWA Baju Dress Anak Perempuan Import;Rp85.900;0;2;konichiwa
Buku Traveling : Konichiwa Japan! : Buku Tentang Jepang;Rp84.800;0;2;konichiwa
- BUKU REFERENSI : Konichiwa Japan!;Rp66.100;0;2;konichiwa
Iâž¸EC DRESS ANAK KONICHIWA EBV BAJU DRESS ANAK PEREMPUAN T Kâœ‰49;Rp195.000;0;2;konichiwa
Sprei Katun Lokal Motif HK Konichiwa By Bahan Katun Beverly,Sprei;Rp322.000;0;2;konichiwa
DRESS ANAK KONICHIWA EBV Baju Dress Anak Perempuan Import - Grey, M;Rp114.400;2 terjual;1;konichiwa
Sandal konichiwa;Rp65.000;60+ terjual;1;konichiwa
Kaos Tulisan Jepang - KONICHIWA - Baju Kaos Distro Pria Murah - FPC ID;Rp34.500;26 terjual;1;konichiwa
[EP] Yuki Saito - Kanashimi yo Konichiwa (Maison Ikkoku);Rp140.000;0;1;konichiwa
SANDAL ANAK KONICHIWA UNISEX KIDS;Rp70.000;0;1;konichiwa
KONICHIWA Sandal Jepit Dewasa Series 5;Rp123.000;0;1;konichiwa
konichiwa eyewear frame kacamata pure asetat 72011 kacamata cateye;Rp115.000;0;1;konichiwa
Promo Sandal Konichiwa Abstract Pop - Navy Blue - Women Murah;Rp192.400;0;1;konichiwa
KONICHIWA - Sarung Tangan Latex/Lateks | Gloves Isi 100;Rp36.500;0;1;konichiwa
[LP] Ito Tsukasa - Sayonara, Konichiwa (Yume Miru Season) Vinyl PH;Rp260.000;0;1;konichiwa
Hakushika Umakuchi shika Pack 3L sake;Rp1.150.000;5 terjual;1;konichiwa
Marutai Kurume Noko Tonkotsu Ramen 194 Gr;Rp51.000;3 terjual;1;konichiwa
BAJU KAOS ATASAN ANAK UNISE MOTIF BTS KOREAN BOYBAND BAHAN KATUN-PD036 - Lilac, L : 7-10 TAHUN;Rp18.499;1 terjual;1;konichiwa
POP IT XXXL PASTEL STRAWBERRY PREMIUM / rainbow popit tiktok bubble;Rp169.000;21 terjual;1;konichiwa
seventeen topokki - Merah Muda;Rp50.000;0;1;konichiwa
Buku Travelling / Konichiwa Japan! / Buku tentang Jepang / Buku Travel;Rp31.900;10 terjual;1;konichiwa
Penghapus lucu smiggle konichiwa eraser set;Rp70.000;0;1;konichiwa
konichiwa eyewear frame kacamata pure asetat 72006 kacamata cateye;Rp120.000;0;1;konichiwa
sandal anak no 6 konichiwa;Rp105.000;0;1;konichiwa
Sandal konichiwa (=);Rp84.000;0;1;konichiwa
KONICHIWA Jepit Sandal Dewasa 5 Series;Rp182.000;0;1;konichiwa
Buku Travelling / Konichiwa Japan!;Rp52.200;0;1;konichiwa
Konichiwa Nihongo Jilid 1 untuk Siswa SMA Kelas X;Rp80.000;0;1;konichiwa
Kaos japan jepang konichiwa salur garis cowok distro pria;Rp45.000;0;1;konichiwa
BAJU KAOS KONICHIWA TULISAN JEPANG T-SHIRT;Rp49.999;1 terjual;1;konichiwa
POP IT JUMBO XL BUTTERFLY / popit tiktok viral kado - Rainbow;Rp79.000;40+ terjual;1;konichiwa
Kaos kpop BTS butter kuning anak cewek 2 3 4 5 6 7 8 9 10 tahun - XXS;Rp70.000;2 terjual;1;konichiwa
POP IT PREMIUM STRAWBERRY popit tiktok popit tebal its murah new - Pre. Strawberry;Rp59.000;100+ terjual;1;konichiwa
Buku Traveling : Konichiwa Japan!;Rp58.000;5 terjual;1;konichiwa
heybaby DRESS KONICHIWA EBV Baju Dress Anak Perempuan Import anak bayi;Rp113.000;0;1;konichiwa
Bedcover Set Anti Geser Motif HK KONICHIWA UK 120X200-200X200;Rp350.000;1 terjual;1;konichiwa
HappyOliver DRESS KONICHIWA EBV Baju Dress Anak Perempuan Import;Rp118.000;0;1;konichiwa
Perempuan Anak bayi bayi Bayi KONICHIWA Anak Import Dress heybaby Gaun;Rp135.000;0;1;konichiwa
Frame kacamata minus bulat konichiwa + lensa antiradiasi;Rp99.000;0;1;konichiwa
Frame kacamata minus bulat konichiwa + lensa antiradiasi;Rp99.000;0;1;konichiwa
"Frame kacamata baca minus plus
Konichiwa";Rp90.000;0;1;konichiwa
Terapik heybaby DRESS KONICHIWA EBV Baju Dress Anak Perempuan Import;Rp85.000;0;1;konichiwa
Frame kacamata bulat konichiwa;Rp59.000;0;1;konichiwa
SPREI SET KATUN PREMIUM BEVERLY HK KONICHIWA MERAH;Rp120.000;0;1;konichiwa
SPREI SET KATUN PREMIUM BEVERLY HK KONICHIWA PINK;Rp120.000;0;1;konichiwa
BEDCOVER SET KATUN PREMIUM KING | QUEEN | SINGLE MOTIF konichiwa;Rp330.000;0;1;konichiwa
Colourpop X hello kitty lipstick (konichiwa);Rp100.000;0;1;konichiwa
BEDCOVER SET KATUN STAR MOTIF KONICHIWA UKURAN 140 sd 200;Rp455.000;0;1;konichiwa
SPREI SET KATUN STAR MOTIF KONICHIWA UKURAN 90 sd 200;Rp115.000;0;1;konichiwa
BEDCOVER SET KATUN STAR MOTIF KONICHIWA UKURAN 90 sd 120;Rp340.000;0;1;konichiwa
Seprei Set Anti Geser Motif HK KONICHIWA UK 120X200-200X200;Rp120.000;0;1;konichiwa
BEDCOVER + SPREI SET KATUN PREMIUM BEVERLY HK KONICHIWA MERAH;Rp365.000;0;1;konichiwa
Jual SANDAL ANAK KONICHIWA UNISEX KIDS Murah;Rp107.500;0;1;konichiwa
Sprei set katun Star HK konichiwa p uk 200|180|160|140|120|100|90;Rp125.000;0;1;konichiwa
PROMO Buku Travelling / Konichiwa Japan! / Buku tentang Jepang / Buku;Rp66.000;0;1;konichiwa
Sprei set katun Star HK konichiwa r uk 200|180|160|140|120|100|90;Rp125.000;0;1;konichiwa
Smiggle Ori A5 Pencil Case Konichiwa;Rp175.000;0;1;konichiwa
Travelling Buku Buku tentang Travelling Jepang Japan Konichiwa Buku Je;Rp71.000;0;1;konichiwa
Sprei Bedcover Katun Star HK konichiwa p uk 200|180|160|140|120|100|90;Rp360.000;0;1;konichiwa
Sprei Bedcover Katun Star HK konichiwa r uk 200|180|160|140|120|100|90;Rp360.000;0;1;konichiwa
Bantal Terapi Sakura / Konichiwa Bantal Panas Belt + Magnet Tipis;Rp201.000;0;1;konichiwa
Promo Sarung Tangan Latex non Powder merk Konichiwa ukuran L Limited;Rp89.000;0;1;konichiwa
Konichiwa 65ml Parfum Dokyo J15 Pheromone 100% Original Jepang;Rp260.000;5 terjual;1;konichiwa
heybaby DRESS KONICHIWA EBV Baju Dress Anak Perempuan Import Dress;Rp86.000;0;1;konichiwa
HappyOliver KONICHIWA Import Anak Dress Baju DRESS EBV Perempuan;Rp134.000;0;1;konichiwa
DRESS ANAK KONICHIWA EBV Baju Dress Anak Perempuan Import;Rp114.400;2 terjual;1;konichiwa
SPREI KONICHIWA;Rp140.000;2 terjual;1;konichiwa
Handuk Mandi Konichiwa Corak;Rp39.000;0;1;konichiwa
Paket lensa minus - frame kacamata pria wanita konichiwa Ready;Rp139.000;0;1;konichiwa
heybaby DRESS KONICHIWA EBV Baju Dress Anak Perempuan Import Dress;Rp1.049.000;0;1;konichiwa
BUKU MOTIVASI : KONICHIWA JAPAN!;Rp100.000;0;1;konichiwa
HappyOliver DRESS KONICHIWA EBV Baju Dress Anak Perempuan Import;Rp116.000;0;1;konichiwa
VQ325 kaos distro pria konichiwa allsize ld98cm cotton 30s;Rp83.900;0;1;konichiwa
MYS243- HappyOliver DRESS KONICHIWA EBV Baju Dress Anak Perempuan Impo;Rp918.000;0;1;konichiwa
nanas honi sunpride - utuh;Rp26.000;9 terjual;5;Matoa
jeruk medan manis 1 kg;Rp30.400;12 terjual;5;Matoa
jambu cristal sunpride;Rp30.600;17 terjual;5;Matoa
"Nanas Honi Sunpride Super Besar 1kg+ ""Promo Paket Spesial Hemat Murah"" - 1pcs";Rp18.950;100+ terjual;5;Matoa
Buah Nanas Honi Sunpride Termurah | 800gr + | Enak Manis tdk gatal - 1pcs;Rp16.975;100+ terjual;5;Matoa
Bisa cod promo bibit tanaman buah matoa super HOKi;Rp20.000;0;5;Matoa
Bibit buah Matoa manis berkualitas unggul | Buah Matoa manis;Rp9.250;0;5;Matoa
Bibit tanaman buah Matoa;Rp15.000;18 terjual;5;Matoa
bibit pohon matoa_tanaman buah matoa super;Rp7.500;0;5;Matoa
Bibit Tanaman Buah Matoa Merah Cangkok-Pohon Matoa Merah Hasil Cangkok;Rp15.000;0;5;Matoa
Buah Nanas Honi Sunpride Super Termurah * 1-1,3kg * Manis tanpa gatal;Rp18.950;1rb+ terjual;5;Matoa
Buah_Mangga_Jepang_2kg;Rp4.000;0;5;Matoa
buah potong nanas honi;Rp29.000;30+ terjual;5;Matoa
Nanas Honi Sunpride Super Premium Fresh Segar (Murah Bergaransi) -+1kg - 1pcs;Rp18.850;60+ terjual;5;Matoa
Buah Segar Full;Rp338.000;1 terjual;5;Matoa
Buah Matoa Fresh Dari Papua ;Rp78.000;1 terjual;5;Matoa
Bibit tanaman buah matoa;Rp35.000;3 terjual;5;Matoa
BIBIT POHON MATOA JENIS OKULASI - CANGKOK PEMBIBITAN TBTJ15;Rp146.000;0;5;Matoa
Bibit Tanaman Buah Matoa Murah Berkualitas Matoa Buah Dari Papua;Rp10.000;0;5;Matoa
TERBAIK Terlaris Obral Bibit Tanaman Buah Matoa Merah Super Murah a;Rp18.000;0;5;Matoa
Fahmibibit Ready Bibit Matoa Pohon Buah Matoa Hasil Okulasi Cangkok;Rp24.000;0;5;Matoa
bibit matoa cangkok batang besar GB12;Rp250.000;0;5;Matoa
Bibit Tanaman Buah Matoa Okulasi Stek TGBU1 00222 a;Rp21.000;0;5;Matoa
MANIS bibit taama buah matoa super okulasi;Rp23.000;0;5;Matoa
bibit pohon matoa(2 meter ) siap berbuah;Rp387.000;0;5;Matoa
nanas honi sunpride buah;Rp16.975;100+ terjual;5;Matoa
Termurah Buah Nanas Honi Sunpride * Berat 800-1.000gr - Toko Termurah - 1pcs;Rp15.975;750+ terjual;5;Matoa
Buah Nanas Honi Sunpride Super Pineapple Manis Fresh Tak Gatal 1kg+ - 1pcs;Rp19.975;0;5;Matoa
MATOFOL TRISTAR ( Pupuk An.Organik) - 500 ml;Rp62.800;0;5;Matoa
Sayur Gori Nangka Santan/Jangan Tewel;Rp31.500;30+ terjual;5;Matoa
Bibit Tanaman Buah Kelengkeng Matoa Island Lychee;Rp45.000;5 terjual;5;Matoa
Terlaris Bibit Tanaman Buah Matoa Unggul HASIL Cangkok/Sambung;Rp32.000;0;5;Matoa
Bibit Tanaman Buah Matoa Super Okulasi Stek Cangkok MM151;Rp15.000;0;5;Matoa
bibit tanaman buah matoa unggul benih pohon di dalam pot tabulampot;Rp8.500;5 terjual;5;Matoa
buah matoa manis dan fresh/500gram;Rp55.000;0;5;Matoa
Matoa Manis Buah Segar ;Rp55.000;1 terjual;5;Matoa
Murah promo 5 bibit tanaman buah matoa merah / matoa hijau super;Rp173.000;0;5;Matoa
ðŸ¥¨ Buah Matoa Papua 3Rasa Duren+Rambutan+Klengkeng Harga Grosir 250gr;Rp22.000;0;5;Matoa
Buah Matoa segar-buah langka;Rp50.000;18 terjual;5;Matoa
Buah Matoa papua perpaduan rasa lengkeng rambutan durian dan leci - kg;Rp69.000;5 terjual;5;Matoa
Buah kelapa kopyor genjah segar murah langsung dari pohon sendiri;Rp35.000;90+ terjual;5;Matoa
buah naga merah;Rp38.000;23 terjual;5;Matoa
buah naga;Rp39.000;100+ terjual;5;Matoa
GROSIR.! ( 10kg ) MANGGA HARUM MANIS BESAR / MATANG POHON / BUAH SEGAR;Rp400.000;30+ terjual;5;Matoa
Buah Jeruk Keprok Batu 55 / B-55 - 250 gram;Rp36.879;0;5;Matoa
Bibit Buah Matoa Super Tinggi 1 Meter - Bibit Matoa unggulan;Rp11.400;7 terjual;5;Matoa
matoa 300gr;Rp38.900;1 terjual;5;Matoa
Bibit buah matoa merah jumbo sambung;Rp60.000;0;5;Matoa
SALE!! BIBIT TANAMAN BUAH MATOA CANGKOK/ BIJI CEPAT BERBUAH;Rp142.000;0;5;Matoa
POOLLL Bibit Buah Matoa - Tanaman Buah Mirip lengkeng MM151;Rp15.000;0;5;Matoa
Bibit Tanaman Pohon Buah Matoa-Tinggi 100cm;Rp65.000;0;5;Matoa
Diskon Bibit Matoa Merah 1,5M;Rp310.000;0;5;Matoa
Terlaris Bibit Buah Red Matoa Asal Papua 2 Meter Up;Rp562.000;0;5;Matoa
Bibit Tanaman Buah Matoa Kelapa Unggul Agro Wisatani KBIB13 NEW;Rp29.000;0;5;Matoa
Bibit Tanaman Buah Matoa-Bibit Matoa Cangkok Okulasi Hasil Sambung -;Rp15.000;0;5;Matoa
Buah matoa 1kg manis / buah matoa Papua 3 rasa;Rp30.000;4 terjual;5;Matoa
Pohon Matoa Cangkok-Bibit Tanaman Buah Matoa Cangkok;Rp35.000;0;5;Matoa
Terlaris Bibit Matoa Jumbo Super Unggul Cepat Berbuah;Rp14.000;0;5;Matoa
Bibit Tanaman Buah Matoa Merah Cangkok-Pohon Matoa Merah Hasil Cangkok;Rp15.000;0;5;Matoa
Ready buah matoa fresh 1 kg Ready ya kak;Rp2.310.000;0;5;Matoa
bibit tanaman buah matoa kualitas unggul;Rp23.900;14 terjual;5;Matoa
Terlaris Bibit Tanaman Buah Matoa cepat berbuah okulasi cepat berbuah;Rp24.000;1 terjual;5;Matoa
BIBIT TANAMAN POHON BUAH MATOA SIAP BERBUAH MMM;Rp25.000;1 terjual;5;Matoa
BIBIT TANAMAN BUAH MATOA MERAH VALID manteb SEGAR fres EE12;Rp25.000;1 terjual;5;Matoa
buah matoa segar;Rp15.000;0;5;Matoa
New Bibit Matoa Merah 1,5M Top Quality;Rp360.000;0;5;Matoa
Bibit Tanaman Buah Matoa-Bibit Matoa-Bibit Matoa Cangkok Okulasi -BB1;Rp16.000;0;5;Matoa
Buah Matoa Super Fresh 1kg;Rp65.000;17 terjual;5;Matoa
Buah Matoa Madu | Matoa Madu Manis 500 Grm;Rp55.800;3 terjual;5;Matoa
Bibit pohon matoa tinggi 30cm;Rp29.000;100+ terjual;5;Matoa
Bibit Tanaman buah Matoa siap berbuah;Rp40.000;0;5;Matoa
Terlaris bibit tanaman buah matoa okulasi super unggul LARIS;Rp15.000;1 terjual;5;Matoa
Diskon Bibit Matoa Tinggi 2 Meter;Rp235.000;0;5;Matoa
Miliki Pohon Matoa Tinggi 2 Meter;Rp490.000;0;5;Matoa
Buah Matoa 500gr;Rp55.900;0;5;Matoa
Bibit Tanaman Buah Matoa;Rp42.500;21 terjual;5;Matoa
BUAH MATOA FRESH RASA DURIAN;Rp40.000;0;5;Matoa
LITAS Bibit Tanaman Buah Matoa Merah PM14 MM151;Rp18.000;0;5;Matoa
bibit buah matoa okulasi;Rp40.000;0;5;Matoa
BARANG TERLARIS BIBIT MATOA MERAH 1,5M READYY;Rp280.000;0;5;Matoa
Kelapa Kopyor Genjah Super TEBAL Fresh Segar Murah READY STOK - S - S;Rp45.000;50+ terjual;5;Matoa
Bibit Alpukat mentega jumbo;Rp17.000;1rb+ terjual;5;Matoa
Bibit Kelengkeng New Kristal Hasil Okulasi Cepat Berbuah;Rp45.000;6 terjual;5;Matoa
bibit alpukat mentega jumbo;Rp400.000;0;5;Matoa
Bibit Leci Bhiwa Biwa Hasil Okulasi Unggul Cepat Berbuah;Rp50.000;0;5;Matoa
Buah Matoa Fresh 500 Gram;Rp32.000;100+ terjual;4;Matoa
Buah Matoa dari Papua 3rasa Duren-Klengkeng-Rambutan Murah Fresh 250gr;Rp13.255;2rb+ terjual;4;Matoa
Matoa Manis - 500 gram;Rp32.500;50+ terjual;4;Matoa
buah matoa 1 kg - MIX;Rp67.000;100+ terjual;4;Matoa
Pupuk Matoa Organik Booster Matoa Pemacu Cepat Berbuah Lebat;Rp23.000;70+ terjual;4;Matoa
Bibit Tanaman Buah Matoa Merah Cangkok-Pohon Matoa Merah Hasil Cangkok;Rp35.000;4 terjual;4;Matoa
buah matoa super manis dan banyak air/buah langka/kg;Rp119.500;3 terjual;4;Matoa
Bibit Tanaman Matoa Jumbo Super Unggul Cepat Berbuah;Rp15.000;0;4;Matoa
Bibit buah matoa hasil cangkok / sambung;Rp37.000;0;4;Matoa
buah matoa fresh 1 kg;Rp40.000;0;4;Matoa
Bibit Tanaman Buah Matoa Cepat Berbuah Okulasi;Rp30.000;0;4;Matoa
buah matoa 500gr;Rp36.000;0;4;Matoa
Pupuk Matoa Booster, Pupuk Organik Tanaman Buah, Penyubur Bibit Buah;Rp35.000;14 terjual;4;Matoa
Bibit matoa;Rp14.500;15 terjual;4;Matoa
rambutan rapiah 1kg;Rp37.050;50+ terjual;4;Matoa
Paket 4 Bibit Tanaman Matoa Papua Cangkok -Pohon Buah Matoa Asli Papua;Rp100.000;1 terjual;4;Matoa
bibit pohon matoa 70cm up / lengkeng irian buah matoa;Rp35.000;19 terjual;4;Matoa
Buah Matoa Segar Perpack ;Rp65.000;1 terjual;4;Matoa
Paket 4 Pohon Matoa Papua Cangkok-Bibit Tanaman Buah Matoa Papua Asli;Rp121.000;0;4;Matoa
Bibit Matoa Hasil Okulasi Cepat Berbuah Tabulampot;Rp30.000;14 terjual;4;Matoa
Benih Bibit Pohon Matoa - Buah Mirip Kelengkeng Aroma Durian - Khas;Rp83.000;0;4;Matoa
Bibit Unggul Kelengkeng Matoa Bibit Tanaman;Rp15.000;16 terjual;4;Matoa
Bibit Tanaman Matoa Cepat Berbuah;Rp4.000;0;4;Matoa
2 Bibit Buah Matoa Super Manis;Rp9.000;40+ terjual;4;Matoa
Bibit Tanaman Buah Matoa Okulasi Stek TGBU1 EE15;Rp17.000;0;4;Matoa
rambutan binjai 1kg;Rp32.400;18 terjual;4;Matoa
buah srikaya;Rp34.960;30+ terjual;4;Matoa
alpukat muria mentega;Rp56.050;9 terjual;4;Matoa
buah duku - 500 gram;Rp27.550;4 terjual;4;Matoa
salak pondoh 1kg;Rp19.800;16 terjual;4;Matoa
BELI 2 GRATIS 1.BIBIT MATOA manis;Rp8.000;50+ terjual;4;Matoa
promo 5 bibit tanaman buah matoa merah / matoa hijau super genjah;Rp93.000;3 terjual;4;Matoa
buah matoa Papua / rambutan Papua / matoa manis qualitas 100gr;Rp16.000;0;4;Matoa
Bibit Buah Matoa - Tanaman Buah Mirip lengkeng Aroma Durian Khas Papua;Rp20.000;9 terjual;4;Matoa
Promo Bibit Tanaman Matoa Super Unggul Cepat Berbuah Buah Matoa Best;Rp143.000;0;4;Matoa
Bibit tanaman buah matoa merah super cepat berbuah BBBB;Rp30.000;0;4;Matoa
buah matoa Papua / rambutan Papua / matoa manis qualitas premium 100gr;Rp16.000;0;4;Matoa
bibit matoa berkwalitas;Rp5.000;0;4;Matoa
BARANG TERLARIS BIBIT POHON MATOA(2METER )SIAP BERBUAH READYY;Rp573.000;0;4;Matoa
Bibit buah Matoa manis tinggi 1 meter - Tanaman buah langka unggulan;Rp32.500;30+ terjual;4;Matoa
nanas pemalang;Rp15.000;21 terjual;4;Matoa
alpukat kendil;Rp54.000;5 terjual;4;Matoa
jambu citra merah;Rp47.000;40+ terjual;4;Matoa
pepaya california;Rp22.000;24 terjual;4;Matoa
pisang sunpride 1 kg;Rp25.200;10 terjual;4;Matoa
SALE TERBATAS bibit pohon matoa(2meter )siap berbuah;Rp604.000;0;4;Matoa
bibit pohon buah matoa;Rp15.500;30+ terjual;4;Matoa
bibit tanaman buah matoa cepat berbuah manis;Rp40.000;0;4;Matoa
paket 3 bibit buah matoa super bibit berkualitas;Rp77.011;4 terjual;4;Matoa
BUAH MATOA 2 KG DAGING EMPUK MANIS PASTI NAMBAH LAGI;Rp65.000;80+ terjual;4;Matoa
Matoa Papua;Rp25.000;2 terjual;4;Matoa
Bibit Tanaman Buah Matoa Super Okulasi Stek Cangkok Unggul AA222 a;Rp23.000;0;4;Matoa
Bibit Buah Matoa unggul dan Berkuwalitas';Rp24.500;0;4;Matoa
4 Bibit Matoa Berkualitas;Rp140.000;0;4;Matoa
BARANG TERLARIS BIBIT MATOA MERAH 1,5M READYY;Rp290.000;0;4;Matoa
Bibit Tanaman Buah Matoa Super Bibit Buah Matoa Cangkok Bibit Matoa;Rp9.000;0;4;Matoa
TERLARISSS BUAH MATOA ASLI PAPUA SUPER PILIHAN;Rp65.000;40+ terjual;4;Matoa
buah matoa 1 kg;Rp70.000;2 terjual;4;Matoa
bibit matoa cangkok batang besar;Rp350.000;1 terjual;4;Matoa
BARU DATANG Bibit Tanaman Buah Matoa-Bibit Matoa-Bibit Matoa Cangkok &;Rp20.000;0;4;Matoa
Tanaman Matoa 60cm;Rp35.000;3 terjual;4;Matoa
pohon matoa tinggi 2 meter;Rp300.000;0;4;Matoa
buah matoa 1kg - 500 gram terjamin;Rp175.000;11 terjual;4;Matoa
BIBIT TANAMAN BUAH MATOA MERAH UNGGUL VALID;Rp25.000;30+ terjual;4;Matoa
TERLARISSS 5 KG BUAH MATOA ASLI PAPUA TIGA RASA BUAH DALAM SATU BUAH;Rp65.000;0;4;Matoa
READY Bibit Tanaman Buah Matoa Super Manis Hasil Okulasi Stek Cangkok;Rp109.000;0;4;Matoa
Jual bibit pohon matoa(2meter )siap berbuah;Rp523.000;0;4;Matoa
HARGA PROMO Bibit Tanaman Buah Matoa Kelapa Unggul Agro Wisatani;Rp29.000;1 terjual;4;Matoa
ðŸ¥¨ Buah Matoa dari Papua 3rasa Duren-Klengkeng-Rambutan Murah Fresh;Rp21.000;0;4;Matoa
Bibit Tanaman Buah Matoa Okulasi Siap Berbuah | Pohon Matoa AA66;Rp76.000;0;4;Matoa
bibit tanaman buah matoa unggul;Rp35.500;1 terjual;4;Matoa
Bibit buah matoa merah jumbo sambung ;Rp60.000;0;4;Matoa
Bibit Tanaman Buah Matoa-Bibit Matoa Cangkok/Sambung EE15;Rp25.000;0;4;Matoa
bibit matoa;Rp5.500;0;4;Matoa
bibit matoa tinggi 2 meter;Rp145.000;1 terjual;4;Matoa
BUAH MATOA DAGING EMPUK MANIS PASTI NAMBAH LAGI;Rp65.000;90+ terjual;4;Matoa
Bibit Matoa Unggul;Rp11.300;9 terjual;4;Matoa
Bibit tanaman buah matoa manis tinggi 1,5 meter | buah khas papua;Rp38.650;0;4;Matoa
bibit tanaman buah matoa super okulasi EE15;Rp23.000;0;4;Matoa
Buah Matoa (500gr);Rp27.000;0;4;Matoa
semangka merah non biji;Rp48.000;9 terjual;4;Matoa
melon ngawi madu;Rp29.600;2 terjual;4;Matoa
buah manggis - 1 kg;Rp35.000;12 terjual;4;Matoa
buah naga merah;Rp29.000;19 terjual;4;Matoa
alpukat bengkulu 1kg;Rp44.100;3 terjual;4;Matoa
bibit alpukat mentega jumbo;Rp19.000;2 terjual;3;Matoa
Paket 5 Bibit Unggul Super Alpukat Mentega Varietas Miki;Rp250.000;0;3;Matoa
kelapa kopyor buah kelapa kopyor genjah dikupas tipis;Rp35.000;100+ terjual;3;Matoa
Pete Murah Fresh dari Pohon, Petai Tua Besar Grade A;Rp2.200;0;3;Matoa
manisan mangga Cebu Lucky Premium Dried Mango 100g;Rp76.000;6 terjual;3;Matoa
MATOA IRIANJAYA BUAH FRESH SEGAR MANIS PANEN PILIHAN PREMIUM TERLARIS;Rp55.888;3 terjual;3;Matoa
VIRALL Bibit Tanaman Buah Matoa Super Okulasi Stek Cangkok Unggul;Rp15.000;6 terjual;3;Matoa
Buah Matoa Segar 1kg / peck;Rp99.550;10 terjual;3;Matoa
Bibit Pohon Matoa - Buah Mirip Kelengkeng Aroma Durian - Khas Papua;Rp29.900;1 terjual;3;Matoa
Bibit Tanaman Buah Matoa;Rp35.000;28 terjual;3;Matoa
Buah jeruk santang gundul tanpa daun import fresh segar termurah hemat - 500gr;Rp18.495;12 terjual;3;Matoa
Sayur Labu Siam Siyam baby muda kecil (Chayote) 500 gr â€¢ BUSAYDA;Rp11.000;1rb+ terjual;3;Matoa
BUAH MATOA PAPUA;Rp55.000;26 terjual;3;Matoa
Bibit buah matoa ( biji buah matoa );Rp2.000;80+ terjual;3;Matoa
buah matoa manis fresh 1kg;Rp135.000;6 terjual;3;Matoa
MATOA PAPUA TERMURAH - SUKABUAH;Rp39.000;30+ terjual;3;Matoa
Buah Matoa Segar (pack);Rp88.800;11 terjual;3;Matoa
biji matoa benih;Rp10.000;0;3;Matoa
TERLARISSS 6 KG BUAH MATOA MANIS UNIK RASA UNIK;Rp65.000;30+ terjual;3;Matoa
pohon matoa tinggi 2 meter;Rp300.000;2 terjual;3;Matoa
Bibit 2 Pohon Red Matoa Papua Dan Green Matoa Papua mumpung Promo;Rp58.500;8 terjual;3;Matoa
Bibit Tanaman Buah Matoa Papeda Genjah;Rp22.000;1 terjual;3;Matoa
bibit matoa merah paket 4 bibit murah cepat berbuah;Rp85.000;1 terjual;3;Matoa
Bibit Pohon Matoa - Buah Mirip Kelengkeng Aroma Durian - Khas Papua;Rp20.000;30+ terjual;3;Matoa
Bibit Pohon Matoa - Tanaman Buah Matoa - Buah Langka;Rp30.000;28 terjual;3;Matoa
BIBIT POHON MATOA SUPER UNGGUL;Rp45.000;0;3;Matoa
BIBIT TANAMAN BUAH MATOA SUPER UNGGUL/ BIBIT MATOA MERAH;Rp22.000;0;3;Matoa
Bibit Tanaman Buah Matoa Okulasi Stek TGBU1;Rp17.000;12 terjual;3;Matoa
BIBIT TANAMAN MATOA UNGGUL/ POHON BUAH MATOA TINGGI 80CM UP;Rp25.000;1 terjual;3;Matoa
MXX Bibit Tanaman Buah Matoa Super Manis Hasil Okulasi Stek Cangkok;Rp159.000;0;3;Matoa
Buah Matoa Segar Manis ada 3rasa /1kg;Rp90.000;4 terjual;3;Matoa
Bibit Pohon Matoa Super Genjah Hasil Okulasi;Rp16.300;40+ terjual;3;Matoa
Bibit Buah Matoa Cangkok Cepat berbuah Tinggi 2M Kondisi Rimbun;Rp375.000;0;3;Matoa
buah matoa 500 gram;Rp25.000;1 terjual;3;Matoa
PROMO TERBATAS bibit matoa merah 1,5m;Rp314.000;0;3;Matoa
Bibit Buah Kelengkeng Matoa pohon matoa;Rp57.500;9 terjual;3;Matoa
buah matoa fresh 1 kg;Rp53.900;2 terjual;3;Matoa
HARGA DI BANTING Terlaris KWALITAS TERBAIK Bibit Tanaman Buah Matoa;Rp21.000;0;3;Matoa
pohon matoa ukuran 1meter;Rp65.000;28 terjual;3;Matoa
panen raya matoa;Rp51.000;0;3;Matoa
Bibit Pohon Matoa - Tanaman Buah Matoa Island Lychee Mirip Leci EE15;Rp20.000;0;3;Matoa
Bibit Buah Matoa Manis Garansi Valid;Rp78.500;1 terjual;3;Matoa
matoa buah 250gr|buah matoa|buah segar bandung|nuri fruits;Rp24.500;9 terjual;3;Matoa
Buah Matoa;Rp100.000;100+ terjual;3;Matoa
bibit matoa;Rp5.500;0;3;Matoa
Bibit Tanaman Pohon Buah Matoa / Pometia pinnata Murah Berkualitas;Rp35.000;10 terjual;3;Matoa
Bibit Tanaman Buah Matoa Pohon Buah Matoa;Rp15.000;0;3;Matoa
bibit tanaman matoa ;Rp15.000;8 terjual;3;Matoa
Bibit Buah Matoa merah Jumbo Â±2 Meter - Hasil Okulasi Berkualitas;Rp100.000;0;3;Matoa
Bibit Buah Matoa Hasil Cangkok Tinggi 1,5 - 2 Meter Cepat Berbuah;Rp185.000;0;3;Matoa
Buah Matoa 1kg;Rp49.900;0;3;Matoa
bibit pohon buah matoa unggul;Rp12.000;0;3;Matoa
Bibit tanaman bibit matoa -Bibit matoa cangkok/biji /akulasi AT14;Rp50.000;0;3;Matoa
Bibit Tanaman Buah Matoa Okulasi Stek TGBU1 EE13;Rp17.000;0;3;Matoa
Bibit Tanaman Buah Matoa;Rp15.500;9 terjual;3;Matoa
DISKON Obral Bibit Taama Buah Matoa Merah Super a;Rp18.000;0;3;Matoa
Terlaris BIBIT TANAMAN BUAH MATOA SUPER MANIS / Cepat berbuah stek;Rp44.000;0;3;Matoa
TERLARISSS 6 KG BUAH SUPER PILIHAN MATOA ASLI PAPUA;Rp65.000;40+ terjual;3;Matoa
buah matoa 1 kg;Rp59.000;0;3;Matoa
PROMO 5 BIBIT MATOA MERAH/ MATOA HIJAU ADA SUPER UNGGUL;Rp100.000;0;3;Matoa
bibit buah matoa jumbo agro tanaman;Rp40.000;1 terjual;3;Matoa
bibit tanaman buah matoa kualitas unggul EE15;Rp24.000;0;3;Matoa
buah matoa 1 kg;Rp55.000;40+ terjual;3;Matoa
spesial promo buah matoa manis per 2 kg;Rp240.000;4 terjual;3;Matoa
Matoa (Asli Papua) -/+ 500 Gr / Pack Fresh Pometia Pinnata Buah Segar;Rp42.875;4 terjual;3;Matoa
Terlaris Paling Laris Bibit Tanaman Buah Matoa Okulasi Stek Cangkok;Rp14.000;3 terjual;3;Matoa
Promo|New|Terbaru bibit pohon matoa(2meter )siap berbuah;Rp685.000;0;3;Matoa
nanas honi sunpride - utuh;Rp26.000;9 terjual;2;Matoa
jeruk medan manis 1 kg;Rp30.400;12 terjual;2;Matoa
jambu cristal sunpride;Rp30.600;17 terjual;2;Matoa
"Nanas Honi Sunpride Super Besar 1kg+ ""Promo Paket Spesial Hemat Murah"" - 1pcs";Rp18.950;100+ terjual;2;Matoa
Buah Nanas Honi Sunpride Termurah | 800gr + | Enak Manis tdk gatal - 1pcs;Rp16.975;100+ terjual;2;Matoa
buah matoa Papua / matoa 500gr;Rp80.000;21 terjual;2;Matoa
Buah Matoa 1 Kg;Rp115.900;16 terjual;2;Matoa
buah matoa segar;Rp25.000;50+ terjual;2;Matoa
bibit matoa 40 cm - 70 cm;Rp3.000;40+ terjual;2;Matoa
MATOA BUAH - KELENGKENG NYA PAPUA;Rp50.000;50+ terjual;2;Matoa
buah matoa 1 kg manis - MATOA;Rp35.000;100+ terjual;2;Matoa
Buah Nanas Honi Sunpride Super Termurah * 1-1,3kg * Manis tanpa gatal;Rp18.950;1rb+ terjual;2;Matoa
Buah_Mangga_Jepang_2kg;Rp4.000;0;2;Matoa
buah potong nanas honi;Rp29.000;30+ terjual;2;Matoa
Nanas Honi Sunpride Super Premium Fresh Segar (Murah Bergaransi) -+1kg - 1pcs;Rp18.850;60+ terjual;2;Matoa
Buah Segar Full;Rp338.000;1 terjual;2;Matoa
Matoa / 1Kg;Rp31.000;100+ terjual;2;Matoa
Buah Matoa Super 0.5 kg /pack;Rp35.000;7 terjual;2;Matoa
Bibit Pohon Matoa Merah Hasil Cangkok-Tanaman Matoa Merah Asli Super;Rp38.000;25 terjual;2;Matoa
BUAH MATOA FRESH MANIS PER 1KG;Rp110.000;26 terjual;2;Matoa
Buah matoa super fresh/pack;Rp96.500;6 terjual;2;Matoa
BUAH MATOA MANIS 1KG;Rp110.000;14 terjual;2;Matoa
bibit matoa berkwalitas;Rp5.000;100+ terjual;2;Matoa
Buah Matoa;Rp60.000;6 terjual;2;Matoa
Terlaris Bibit buah Red Matoa asal Papua 2 meter Up;Rp389.500;7 terjual;2;Matoa
buah matoa 1 kg;Rp67.000;100+ terjual;2;Matoa
nanas honi sunpride buah;Rp16.975;100+ terjual;2;Matoa
Termurah Buah Nanas Honi Sunpride * Berat 800-1.000gr - Toko Termurah - 1pcs;Rp15.975;750+ terjual;2;Matoa
Buah Nanas Honi Sunpride Super Pineapple Manis Fresh Tak Gatal 1kg+ - 1pcs;Rp19.975;0;2;Matoa
MATOFOL TRISTAR ( Pupuk An.Organik) - 500 ml;Rp62.800;0;2;Matoa
Sayur Gori Nangka Santan/Jangan Tewel;Rp31.500;30+ terjual;2;Matoa
Bibit matoa super murah cepat berbuah;Rp5.000;50+ terjual;2;Matoa
bibit tanaman buah matoa super okulasi;Rp22.500;0;2;Matoa
pohon buah matoa siap berbuah tinggi 3_4 meter;Rp750.000;0;2;Matoa
Buah Matoa 500gr;Rp99.950;10 terjual;2;Matoa
Buah Matoa POMETIA PINNATA papua 3 macam rasa jadi 1 murah 250gr;Rp12.995;100+ terjual;2;Matoa
BIBIT TANAMAN MATOA SUPER MANIS;Rp17.500;30+ terjual;2;Matoa
buah matoa 500gram|buah papua|nuri fruits|buah segar bandung|buah band;Rp46.000;100+ terjual;2;Matoa
Bibit Matoa Super Hasil Cangkok Tinggi 2 Meter Cepat Berbuah;Rp400.000;0;2;Matoa
buah matoa 1 KG & 500 GRAM manis banget!!!;Rp30.000;18 terjual;2;Matoa
bibit matoa merah super unggul murah matoa buah unik;Rp25.000;20 terjual;2;Matoa
Buah kelapa kopyor genjah segar murah langsung dari pohon sendiri;Rp35.000;90+ terjual;2;Matoa
buah naga merah;Rp38.000;23 terjual;2;Matoa
buah naga;Rp39.000;100+ terjual;2;Matoa
GROSIR.! ( 10kg ) MANGGA HARUM MANIS BESAR / MATANG POHON / BUAH SEGAR;Rp400.000;30+ terjual;2;Matoa
Buah Jeruk Keprok Batu 55 / B-55 - 250 gram;Rp36.879;0;2;Matoa
PROMO 5 BIBIT MATOA MERAH/ MATOA HIJAU ADA SUPER UNGGUL;Rp120.000;0;2;Matoa
bibit tanaman buah Matoa okulasi;Rp40.000;16 terjual;2;Matoa
TERLARISSS 2 KG BUAH SUPER PILIHAN MATOA ASLI PAPUA;Rp65.000;100+ terjual;2;Matoa
bibit pohon matoa tinggi (1m);Rp40.000;19 terjual;2;Matoa
VIRAAAALLL BUAH MATOA 3 RASA TERMURAH Durian Kelengkeng Rambutan 500Gr;Rp36.250;0;2;Matoa
pohon matoa tinggi 2 meter;Rp300.000;1 terjual;2;Matoa
Bibit Pohon Matoa - Buah Matoa - Tanaman Island Lychee - Mirip Leci;Rp17.000;100+ terjual;2;Matoa
Bibit Tanaman Buah Matoa / Matoa Papeda Genjah;Rp12.000;28 terjual;2;Matoa
buah matoa segar;Rp35.000;29 terjual;2;Matoa
Buah Matoa Asli Papua 3 Macam Rasa Rambutan/Durian/Klengkeng 250gr;Rp13.700;100+ terjual;2;Matoa
matoa buah perkilo;Rp60.000;14 terjual;2;Matoa
Matoa 1kg;Rp42.000;100+ terjual;2;Matoa
Buah Matoa Fresh 1 kg;Rp99.900;0;2;Matoa
Bibit Matoa Pohon Matoa Bibit Buah Matoa Tanaman Matoa Siap Berbuah;Rp25.000;0;2;Matoa
buah matoa 1kg | Rambutan papua;Rp189.000;0;2;Matoa
Bibit Pohon Matoa - Buah Mirip Kelengkeng Aroma Durian - Khas Papua;Rp15.000;30+ terjual;2;Matoa
bibit pohon buah matoa;Rp13.000;5 terjual;2;Matoa
Matoa Papua super manis 0.8 kg;Rp79.000;8 terjual;2;Matoa
pohon matoa tinggi 3 meter siap berbuah;Rp495.000;0;2;Matoa
Promo Buah Matoa papua manis 1 kg;Rp89.000;16 terjual;2;Matoa
bibit tanaman buah matoa super unggul;Rp8.000;6 terjual;2;Matoa
Bibit Pohon Matoa - Tanaman Buah Matoa Island Lychee Mirip Leci;Rp17.000;15 terjual;2;Matoa
buah matoa 500gr;Rp35.000;10 terjual;2;Matoa
buah matoa 1kg fresh;Rp50.000;70+ terjual;2;Matoa
Terlaris Terlaris bibit matoa cangkok Termurah;Rp15.000;10 terjual;2;Matoa
Matoa buah fresh fruit;Rp69.900;8 terjual;2;Matoa
Matoa Papua;Rp29.000;14 terjual;2;Matoa
Buah Matoa Dari Papua 3rasa fresh;Rp155.000;13 terjual;2;Matoa
Matoa Manis;Rp32.500;50+ terjual;2;Matoa
pohon buah matoa, siap berbuah, tinghi pohon 2 mtr;Rp300.000;0;2;Matoa
matoa buah;Rp30.000;8 terjual;2;Matoa
Buah Matoa fresh 1kg / buah matoa manis;Rp65.000;3 terjual;2;Matoa
pohon matoa tinggi 2 meter;Rp300.000;2 terjual;2;Matoa
Bibit buah Red Matoa 1,5 Meter Aslil Papua;Rp150.000;2 terjual;2;Matoa
Paket 3 Bibit Matoa Super Unggul Berkhualitas;Rp76.200;0;2;Matoa
Kelapa Kopyor Genjah Super TEBAL Fresh Segar Murah READY STOK - S - S;Rp45.000;50+ terjual;2;Matoa
Bibit Alpukat mentega jumbo;Rp17.000;1rb+ terjual;2;Matoa
Bibit Kelengkeng New Kristal Hasil Okulasi Cepat Berbuah;Rp45.000;6 terjual;2;Matoa
bibit alpukat mentega jumbo;Rp400.000;0;2;Matoa
Bibit Leci Bhiwa Biwa Hasil Okulasi Unggul Cepat Berbuah;Rp50.000;0;2;Matoa
Buah Matoa Fresh 500 Gram;Rp32.000;100+ terjual;1;Matoa
Buah Matoa dari Papua 3rasa Duren-Klengkeng-Rambutan Murah Fresh 250gr;Rp13.255;2rb+ terjual;1;Matoa
Matoa Manis - 500 gram;Rp32.500;50+ terjual;1;Matoa
buah matoa 1 kg - MIX;Rp67.000;100+ terjual;1;Matoa
Pupuk Matoa Organik Booster Matoa Pemacu Cepat Berbuah Lebat;Rp23.000;70+ terjual;1;Matoa
BUAH MATOA FRESH RASA DURIAN;Rp27.500;750+ terjual;1;Matoa
buah matoa 1kg;Rp48.500;4rb+ terjual;1;Matoa
buah matoa 1 kg manis - MATOA;Rp35.000;100+ terjual;1;Matoa
Buah Matoa Papua 3Rasa Duren+Rambutan+Klengkeng Harga Grosir 500gr;Rp25.425;500+ terjual;1;Matoa
buah matoa 1 kg murah;Rp50.000;3rb+ terjual;1;Matoa
Bibit Tanaman Buah Matoa Cepat Berbuah Okulasi;Rp30.000;0;1;Matoa
buah matoa 500gr;Rp36.000;0;1;Matoa
Pupuk Matoa Booster, Pupuk Organik Tanaman Buah, Penyubur Bibit Buah;Rp35.000;14 terjual;1;Matoa
Bibit matoa;Rp14.500;15 terjual;1;Matoa
rambutan rapiah 1kg;Rp37.050;50+ terjual;1;Matoa
Buah Matoa segar terlaris termurah / matoa;Rp16.000;40+ terjual;1;Matoa
Bibit Tanaman Matoa Super Unggul Cepat Berbuah Buah Matoa;Rp8.500;250+ terjual;1;Matoa
Buah Matoa 1kg;Rp55.000;70+ terjual;1;Matoa
Buah Matoa dari Papua 3rasa Duren-Klengkeng-Rambutan Murah Fresh 250gr;Rp13.255;2rb+ terjual;1;Matoa
Buah Matoa Segar 1 Pack Buah Asli Papua Buah Berkhasiat;Rp13.500;250+ terjual;1;Matoa
Buah Matoa Fresh 500 Gram;Rp32.000;100+ terjual;1;Matoa
Matoa;Rp32.500;100+ terjual;1;Matoa
Buah Matoa 3 Rasa Dalam Satu Gigitan;Rp52.000;100+ terjual;1;Matoa
Buah Matoa Fresh;Rp50.000;100+ terjual;1;Matoa
Buah Matoa Khas Papua 500gr;Rp40.000;80+ terjual;1;Matoa
rambutan binjai 1kg;Rp32.400;18 terjual;1;Matoa
buah srikaya;Rp34.960;30+ terjual;1;Matoa
buah duku - 500 gram;Rp27.550;4 terjual;1;Matoa
alpukat muria mentega;Rp56.050;9 terjual;1;Matoa
salak pondoh 1kg;Rp19.800;16 terjual;1;Matoa
buah matoa Papua / rambutan Papua / matoa manis qualitas;Rp16.000;0;1;Matoa
Matoa pati si buah 3 rasa;Rp45.000;0;1;Matoa
Bibit Matoa Unggul;Rp5.000;100+ terjual;1;Matoa
buah matoa fresh 1 kg;Rp5.000.000;6 terjual;1;Matoa
Buah matoa asli papua manis aroma durian / rambutan papua;Rp48.000;1rb+ terjual;1;Matoa
Bibit Tanaman Matoa cepat berbuah;Rp9.000;750+ terjual;1;Matoa
buah matoa;Rp59.900;100+ terjual;1;Matoa
TERLARISSS 4 KG BUAH MATOA MANIS UNIK RASA UNIK;Rp65.000;100+ terjual;1;Matoa
Buah Matoa;Rp18.000;100+ terjual;1;Matoa
Buah Matoa Papua 3Rasa Duren+Rambutan+Klengkeng Harga Grosir 250gr;Rp12.715;100+ terjual;1;Matoa
Buah Matoa Papua 3Rasa Duren+Rambutan+Klengkeng Harga Grosir 500gr;Rp25.425;500+ terjual;1;Matoa
nanas pemalang;Rp15.000;21 terjual;1;Matoa
alpukat kendil;Rp54.000;5 terjual;1;Matoa
jambu citra merah;Rp47.000;40+ terjual;1;Matoa
pisang sunpride 1 kg;Rp25.200;10 terjual;1;Matoa
semangka merah non biji;Rp48.000;9 terjual;1;Matoa
Bibit Tanaman Buah Matoa Hasil Cangkok;Rp35.000;100+ terjual;1;Matoa
Rezeki Fresh Market Matoa [0.5-0.7 kg/1 pack];Rp59.800;40+ terjual;1;Matoa
Bibit Tanaman Buah Matoa Unggul HASIL Cangkok/Sambung;Rp32.000;40+ terjual;1;Matoa
buah matoa manis terlaris;Rp16.000;0;1;Matoa
buah matoa khas papua 500grm;Rp55.500;22 terjual;1;Matoa
buah matoa 1 kg;Rp30.000;9 terjual;1;Matoa
TERLARISSS 2 KG BUAH MATOA ASLI PAPUA SUPER PILIHAN;Rp65.000;80+ terjual;1;Matoa
Buah Matoa / 500gram - 1kg / Fresh;Rp41.000;30+ terjual;1;Matoa
Buah Matoa Asli Papua 3 Rasa Jadi Satu Rambutan/Durian/Klengkeng 500gr;Rp25.750;250+ terjual;1;Matoa
buah matoa;Rp60.000;250+ terjual;1;Matoa
BUAH MATOA FRESH 1 KG;Rp76.500;50+ terjual;1;Matoa
buah matoa 1kg;Rp51.000;250+ terjual;1;Matoa
Paket 4 Pohon Matoa Papua Cangkok-Bibit Tanaman Buah Matoa Papua Asli;Rp75.000;22 terjual;1;Matoa
BUAH MATOA PREMIUM 1 KG GRADE A;Rp94.997;250+ terjual;1;Matoa
bibit matoa super unggul jumbo;Rp7.500;12 terjual;1;Matoa
cangkok matoa;Rp175.000;40+ terjual;1;Matoa
BUAH MATOA FRESH SUPER MANIS - MATOA PATI - MATOA PAPUA - BUAH AJAIB;Rp47.555;6 terjual;1;Matoa
Buah Matoa Papua;Rp53.000;12 terjual;1;Matoa
buah matoa manis fresh/1kg;Rp95.000;19 terjual;1;Matoa
BUAH MATOA 1KG;Rp1.200.000;15 terjual;1;Matoa
Buah Matoa Manis 1Kg;Rp88.900;30+ terjual;1;Matoa
Bibit Matoa Merah Unggul;Rp10.000;8 terjual;1;Matoa
Buah Matoa 3 rasa;Rp48.000;50+ terjual;1;Matoa
buah matoa manis premium fresh 1 kg;Rp75.000;19 terjual;1;Matoa
bibit pohon matoa(2meter )siap berbuah;Rp387.000;2 terjual;1;Matoa
MATOA BUAH MATOA;Rp15.900;40+ terjual;1;Matoa
bibit tanaman buah matoa cangkok/ biji cepat berbuah;Rp65.000;23 terjual;1;Matoa
tanaman buah matoa cepat berbuah;Rp95.000;18 terjual;1;Matoa
Buah Matoa 1kg;Rp89.000;21 terjual;1;Matoa
buah matoa manis buah langka dari papua per 1 pack;Rp40.000;12 terjual;1;Matoa
buah matoa 1 kg|buah matoa fresh 1kg|buah matoa 3 rasa|matoa papua;Rp68.000;30+ terjual;1;Matoa
Matoa Super;Rp38.000;12 terjual;1;Matoa
BUAH MATOA PAPUA 500GR;Rp33.000;0;1;Matoa
Bibit Tanaman Buah Matoa Super Unggulan;Rp40.000;6 terjual;1;Matoa
Buah Matoa 1 Kg;Rp115.900;16 terjual;1;Matoa
pepaya california;Rp22.000;24 terjual;1;Matoa
buah manggis - 1 kg;Rp35.000;12 terjual;1;Matoa
melon ngawi madu;Rp29.600;2 terjual;1;Matoa
buah naga merah;Rp29.000;19 terjual;1;Matoa
nanas honi sunpride - utuh;Rp26.000;9 terjual;1;Matoa
ROCKBROS PT-6005 Bike Tail Light - Lampu Belakang Seatpost Sepeda;Rp37.500;3rb+ terjual;1;Rockbros
ROCKBROS LF8065 Masker Balaclava Sepeda Slayer Motor Face Mask Scarf B;Rp38.000;6rb+ terjual;1;Rockbros
Manset Tangan Sepeda Rockbros Original anti UV Arm sleeve Pria Wanita;Rp59.000;500+ terjual;1;Rockbros
ROCKBROS Ice Silk Arm Sleeves Protection UV Cycling Cool Arm Sleeves - Putih;Rp14.022;8 terjual;1;Rockbros
ROCKBROS YQ-ZJQD400LM Lampu Depan Sepeda Barfly 400 Lumen Rechargeable;Rp120.000;100+ terjual;1;Rockbros
ROCKBROS LF8065 Masker Balaclava Sepeda Slayer Motor Face Mask Scarf B;Rp38.000;6rb+ terjual;1;Rockbros
ROCKBROS XT9002 Manset Tangan Sepeda Cycling Arm Sleeve Pria Wanita;Rp11.500;10rb+ terjual;1;Rockbros
ROCKBROS S202 Sarung Tangan Sepeda Non Padding Half Finger Gloves;Rp57.000;250+ terjual;1;Rockbros
ROCKBROS LF8112 Long Masker Balaclava Slayer Motor Sepeda Anti UV;Rp45.900;1rb+ terjual;1;Rockbros
ROCKBROS 32420515001 Kunci Gembok Sepeda Bike Bicycle Lock Ring 95CM;Rp57.000;250+ terjual;1;Rockbros
ROCKBROS LF8112 Long Masker Balaclava Slayer Motor Sepeda Anti UV;Rp45.900;1rb+ terjual;1;Rockbros
ROCKBROS RHL 1000 Lampu Depan Senter Sepeda Bicycle Front Light 1000LM;Rp239.000;100+ terjual;1;Rockbros
Rockbros T530-RD Gembok Kunci Sepeda 4 Angka Bike Lock Password Bk Red;Rp50.000;100+ terjual;1;Rockbros
Pompa Injak Sepeda Multi Guna Double Silinder Baja Rockbros;Rp228.000;250+ terjual;1;Rockbros
ROCKBROS S202 Sarung Tangan Sepeda Non Padding Half Finger Gloves;Rp57.000;250+ terjual;1;Rockbros
ROCKBROS 40210003 Handgrip Sepeda Tutup Setang Bicycle Grips Leather;Rp55.000;250+ terjual;1;Rockbros
ROCKBROS RKS515 Kunci Gembok Sepeda Bicycle Lock Ring with Bracket;Rp41.000;4rb+ terjual;1;Rockbros
ROCKBROS S196 Sarung Tangan Sepeda Bike Gloves Half finger;Rp97.400;100+ terjual;1;Rockbros
ROCKBROS S099 Sarung Tangan Sepeda Bike Half Finger Gloves;Rp43.500;500+ terjual;1;Rockbros
ROCKBROS Arm Sleeve Sunscreen Protection Manset Pelindung Sinar UV SPF;Rp25.000;1rb+ terjual;1;Rockbros
ROCKBROS Kacamata Sepeda 10119 10109 Cycling Eyewear Sunglasses 3 Lens;Rp146.999;100+ terjual;1;Rockbros
ROCKBROS WB-001B - Masker Wajah Sepeda Anti UV Scarf Slayer - 2 warna;Rp35.100;1rb+ terjual;1;Rockbros
ROCKBROS S291-1 Sarung Tangan Sepeda Anti UV Bike Glove Full Finger;Rp91.000;500+ terjual;1;Rockbros
ROCKBROS GJ1601 Kunci Sepeda 16In1 Bike Tool Kit Toolset Multifungsi;Rp26.300;2rb+ terjual;1;Rockbros
ROCKBROS PVC001 Pegangan Botol Minum Sepeda Bottle Cage Botol Holder;Rp11.200;2rb+ terjual;1;Rockbros
Rockbros FK-211 Kaca Spion Sepeda 360 Derajat Bicycle Rearview Mirror;Rp62.000;18 terjual;1;Rockbros
ROCKBROS 34210002 Bel Elektronik Klakson Sepeda 120DB Bicycle Horn;Rp69.000;100+ terjual;1;Rockbros
Rockbros PF1 Pompa Fork Angin Sepeda Air Shock 300 PSI Alloy Hitam;Rp229.000;250+ terjual;1;Rockbros
Pompa Ban Sepeda Rockbros A320 120PSI Original;Rp29.500;14 terjual;1;Rockbros
Rockbros KS-416 Adaptor Bracket Single Bottle Cage Botol Minum Sepeda;Rp49.000;50+ terjual;1;Rockbros
ROCKBROS WB002 Masker Sport Sepeda - Face Mask Scarf Bandana Ice;Rp41.200;250+ terjual;1;Rockbros
ROCKBROS 2011-7A Standar Sepeda Samping Bicycle Kick Stand Adjustable;Rp40.900;1rb+ terjual;1;Rockbros
ROCKBROS S202-1 Sarung Tangan Sepeda Anti UV Bike Gloves Full Finger;Rp62.500;100+ terjual;1;Rockbros
ROCKBROS DNB-1001 Spakbor Sepeda Telescopic Bike Bicycle Fender;Rp78.000;250+ terjual;1;Rockbros
ROCKBROS DCBT68 Botol Minum Sepeda Olahraga Bidon 600ml Water Bottle;Rp36.374;1rb+ terjual;1;Rockbros
ROCKBROS DCBT69 Botol Minum Sepeda Olahraga 750ml - Water Drink Bottle;Rp39.400;3rb+ terjual;1;Rockbros
ROCKBROS Bicycle Tas Sepeda 1.2L Bike Triangle Bag Reflective MTB B75;Rp75.999;250+ terjual;1;Rockbros
ROCKBROS ZPWD-1 Lampu Belakang Sepeda Bike Clip Light Mini Lamp;Rp18.500;250+ terjual;1;Rockbros
ROCKBROS T512 T609 Kunci Gembok Sepeda Bicycle Lock Passcode 4 Angka;Rp38.000;1rb+ terjual;1;Rockbros
Rockbros Lampu Depan Sepeda USB Rechargeable 2000mAh 400L YQ-QD400;Rp109.000;100+ terjual;1;Rockbros
ROCKBROS GJ1601 Multifunction Bicycle Repair Tools Kit Toolset Sepeda;Rp27.000;0;1;Rockbros
ROCKBROS 041b Tas Sepeda Multifungsi 5in1 Bicycle Tube Bag Rain proof;Rp133.000;50+ terjual;1;Rockbros
Topi Sepeda Rockbros Anti UV Cycling Cap;Rp70.000;11 terjual;1;Rockbros
Rockbros FP4310S Pompa Sepeda Injak Multi Guna Double Silinder Baja;Rp315.500;18 terjual;1;Rockbros
ROCKBROS DCBT68 Botol Minum Sepeda Olahraga Bidon 600ml Water Bottle;Rp36.374;1rb+ terjual;1;Rockbros
Bracket Stang Sepeda Rockbros Dudukan Holder GoPro GPS Sepeda;Rp85.000;70+ terjual;1;Rockbros
ROCKBROS PT-6005 Bike Tail Light - Lampu Belakang Seatpost Sepeda;Rp37.500;3rb+ terjual;1;Rockbros
Rockbros WR05 Lampu Belakang Sepeda Brake Sensor Light USB Waterproof;Rp99.275;250+ terjual;1;Rockbros
ROCKBROS JC1005BK Standar Sepeda Samping Telescopic Kick Stand;Rp67.500;750+ terjual;1;Rockbros
ROCKBROS DCBT69 New Botol Minum Sepeda Olahraga 750ml Water Bottle;Rp41.000;500+ terjual;1;Rockbros
ROCKBROS LF8111 Long Face Mask Masker Wajah Sepeda Anti UV Balaclava;Rp45.500;100+ terjual;1;Rockbros
ROCKBROS S106 Sarung Tangan Sepeda Bike Glove Half Finger Pria Wanita;Rp56.000;2rb+ terjual;1;Rockbros
ROCKBROS LDRK1001 Bel Sepeda Bicycle Bell Klakson Sepeda MTB Seli;Rp26.000;750+ terjual;1;Rockbros
ROCKBROS 699 Holder Handphone Tempat HP Sepeda Adjustable Mounting;Rp69.999;500+ terjual;1;Rockbros
ROCKBROS GMBT1001 Handgrip Setang Sepeda Silicone Bike Handlebar Grip;Rp15.500;500+ terjual;1;Rockbros
ROCKBROS Q5 Lampu Belakang Sepeda Sensor Rem Bike Taillight SmartBrake;Rp163.900;500+ terjual;1;Rockbros
ROCKBROS GJ1601 Multifunction Bicycle Repair Tools Kit Toolset Sepeda;Rp27.000;1rb+ terjual;1;Rockbros
Rockbros Botol Minum Sepeda Olahraga BPA Free Cycling Bottle;Rp39.800;500+ terjual;1;Rockbros
ROCKBROS RKS870 Kunci Gembok Sepeda Baja 87CM Bike Lock Steel 5 Code;Rp87.000;100+ terjual;1;Rockbros
ROCKBROS RKS515 Kunci Gembok Sepeda-Bike Bicycle Lock Ring 110CM;Rp41.000;4rb+ terjual;1;Rockbros
ROCKBROS LF8065 Masker Balaclava Slayer Motor Sepeda Face Mask;Rp38.500;1rb+ terjual;1;Rockbros
ROCKBROS 2022-1B Bel Sepeda Retro Bicycle Chopper Bell Stainless Horn;Rp62.300;90+ terjual;1;Rockbros
ROCKBROS 34210006001 C Shaped Concealed Bel Sepeda Horn Alloy Bell;Rp58.500;80+ terjual;1;Rockbros
ROCKBROS RHL1000 Lampu Barfly Depan Sepeda RHL 1000 Front Light 1000LM;Rp235.999;50+ terjual;1;Rockbros
ROCKBROS WB001 Masker Sepeda Anti UV Cycling Face Mask Scarf;Rp36.000;2rb+ terjual;1;Rockbros
Rockbros Holder Bottle Cage Bracket Adaptor Tempat Botol Minum Sepeda;Rp39.500;100+ terjual;1;Rockbros
ROCKBROS Bracket Mount Holder Barfly Computer Gopro Garmin Bryton IGS;Rp82.800;30+ terjual;1;Rockbros
ROCKBROS TM-1701P Pompa Angin Sepeda 80 Psi Bike Portable Mini Pump;Rp40.500;500+ terjual;1;Rockbros
ROCKBROS GJ1601 16 In 1 Bike Tool Kit - Toolset Alat Kunci Sepeda;Rp23.800;2rb+ terjual;1;Rockbros
ROCKBROS D45 Cycling Sport Gym Run Bottle Waist Bag Tas Botol Pinggang;Rp77.300;40+ terjual;1;Rockbros
ROCKBROS LDRK1002 Bel Sepeda Copper Bicycle Bell Quick Release Loud;Rp23.800;250+ terjual;1;Rockbros
ROCKBROS BC01 Pegangan Botol Minum Sepeda Bicycle Bottle Cage Holder;Rp24.100;1rb+ terjual;1;Rockbros
ROCKBROS S221 Gloves Sarung Tangan Sepeda Semua Ukuran - Hitam;Rp105.700;1rb+ terjual;1;Rockbros
ROCKBROS RKS502 Kunci Gembok Sepeda Bike Bicycle Lock Ring 40CM;Rp63.000;250+ terjual;1;Rockbros
ROCKBROS 38210006 Sadel Jok Sepeda Bicycle Saddle Soft Hollow Cushion;Rp141.000;50+ terjual;1;Rockbros
LAMPU DEPAN SEPEDA 400 LUMENS ROCKBROS USB RECHARGEABLE;Rp112.900;12 terjual;1;Rockbros
ROCKBROS RKS507 Kunci Gembok Sepeda Anti-theft Bicycle Lock 120cm;Rp75.000;100+ terjual;1;Rockbros
ROCKBROS AS-019 Small Tas Sepeda Cycling Bike Bicycle Top Front Tube;Rp124.000;80+ terjual;1;Rockbros
ROCKBROS AQ-6090 Sadel Jok Sepeda Empuk Soft Bicycle Saddle Cushion;Rp125.000;250+ terjual;1;Rockbros
ROCKBROS Bicycle Bag Front Waterproof Hard Shell Tas Folding Bike B91;Rp123.999;50+ terjual;1;Rockbros
ROCKBROS FYZJ Phone Holder Bag Sepeda Motor Bike Waterproof Touchscren;Rp88.999;80+ terjual;1;Rockbros
ROCKBROS YPP074 Topi Kupluk Sepeda Cycling Cap Anti UV Hat Riding;Rp45.000;100+ terjual;1;Rockbros
Rockbros 2821 Fender Telescopik Spakbor Mud Guard Lipat Sepeda;Rp99.000;50+ terjual;1;Rockbros
Indoor BIKE TRAINER Rockbros 707314 Sepeda Indoor Roller Foldable;Rp1.200.000;5 terjual;1;Rockbros
ROCKBROS RKS610 Kunci Gembok Sepeda Bike Double Lock U Shape Steel;Rp185.000;30+ terjual;1;Rockbros
ROCKBROS RKS507 Kunci Gembok Sepeda Bike Bicycle Lock 120cm Anti Air;Rp77.900;250+ terjual;1;Rockbros
